id,MEAN_AVGHT,Lat,Lon,Electricity [GJ],Natural Gas [GJ],area_total,elec_per_area_total,elec_total,run,energy,gas,energy_total
1,1.74,41.867863,-87.628662,259.35,45.13,285.41,908.69,259.35,,,,
2,2.17,41.867859,-87.62982199999998,295.28,43.49,313.14,942.95,295.28,,,,
4,2.97,41.867859,-87.62982199999998,303.2,41.07,251.16,1207.21,303.2,,,,
5,3.03,41.867863,-87.628662,330.35,41.22,288.21,1146.2,330.35,,,,
10,3.73,41.86787,-87.62640400000002,354.79,40.52,282.49,1255.94,354.79,,,,
11,8.94,41.867859,-87.62982199999998,597.03,45.99,754.84,790.93,597.03,,,,
12,8.66,41.867863,-87.628662,585.84,46.6,754.84,776.11,585.84,,,,
14,17.77,41.86787,-87.62640400000002,2527.46,294.05,5975.49,422.97,2527.46,,,,
15,8.31,41.86787800000001,-87.625244,1996.38,323.27,5323.7,375.0,1996.38,,,,
17,9.03,41.867859,-87.62982199999998,600.73,45.81,754.85,795.83,600.73,,,,
18,8.72,41.867863,-87.628662,588.2,46.46,754.85,779.23,588.2,,,,
19,12.03,41.867022999999996,-87.62640400000002,3634.73,246.43,7470.48,486.55,3634.73,,,,
20,92.27,41.86787800000001,-87.625244,17173.97,15007.93,57765.85,297.3,17173.97,,,,
21,9.1,41.867859,-87.62982199999998,603.45,45.66,754.83,799.45,603.45,,,,
22,8.72,41.867863,-87.628662,588.2,46.46,754.84,779.24,588.2,,,,
23,7.6,41.86787,-87.627533,402.4,40.41,277.11,1452.1,402.4,,,,
24,8.73,41.867859,-87.62982199999998,588.58,46.45,754.84,779.74,588.58,,,,
25,8.8,41.867863,-87.628662,591.25,46.29,754.85,783.27,591.25,,,,
29,3.16,41.867859,-87.62982199999998,302.91,40.6,212.72,1423.93,302.91,,,,
30,3.2,41.867863,-87.628662,312.35,40.47,202.21,1544.72,312.35,,,,
31,6.94,41.86787,-87.627533,397.96,40.65,321.52,1237.77,397.96,,,,
32,15.57,41.867863,-87.628662,4641.05,582.74,11525.83,402.66,4641.05,,,,
33,3.1,41.86871,-87.62982199999998,340.73,41.05,287.75,1184.11,340.73,,,,
34,2.99,41.86871,-87.628693,334.14,41.15,287.76,1161.2,334.14,,,,
35,9.01,41.86871,-87.62982199999998,612.19,46.2,777.71,787.17,612.19,,,,
36,8.42,41.86871,-87.628693,588.23,47.67,777.71,756.36,588.23,,,,
37,22.36,41.86787,-87.62640400000002,4826.63,734.65,12836.72,376.0,4826.63,,,,
38,8.9,41.86871,-87.62982199999998,485.86,41.07,426.33,1139.62,485.86,,,,
39,8.79,41.86871,-87.628693,481.88,41.1,426.34,1130.27,481.88,,,,
41,33.28,41.868675,-87.635529,5505.99,2955.24,11190.57,492.02,5505.99,,,,
45,6.86,41.868717,-87.627563,385.88,40.64,309.11,1248.34,385.88,991.0,24.0,24.0,48.0
46,12.51,41.867851,-87.630951,15516.08,3702.54,51734.1,299.92,15516.08,,,,
48,7.48,41.868717,-87.627563,394.47,40.41,269.96,1461.2,394.47,991.0,24.0,24.0,48.0
49,15.46,41.86871,-87.628693,4633.73,592.42,11572.7,400.4,4633.73,991.0,1225459.0,166089.0,1391548.0
50,3.68,41.868671,-87.636658,326.01,40.44,223.63,1457.8,326.01,,,,
51,5.42,41.86871,-87.62982199999998,2088.66,166.36,4257.49,490.58,2088.66,991.0,24.0,24.0,48.0
52,25.01,41.86787,-87.627533,18783.02,11597.79,65038.67,288.8,18783.02,,,,
53,5.39,41.86871,-87.62982199999998,2139.19,177.56,4424.07,483.53,2139.19,991.0,24.0,24.0,48.0
55,31.43,41.868725,-87.62640400000002,11515.77,6896.51,35773.8,321.91,11515.77,,,,
56,36.98,41.86787800000001,-87.625244,39872.46,27661.33,150984.79,264.08,39872.46,,,,
57,4.88,41.869514,-87.636688,245.9,40.57,164.32,1496.5,245.9,,,,
59,3.34,41.86953,-87.63324,303.33,41.15,261.21,1161.21,303.33,991.0,48724.0,1597.0,50321.0
61,11.49,41.868671,-87.636658,1524.64,156.9,3319.28,459.33,1524.64,,,,
64,3.66,41.869514,-87.636688,265.75,40.45,163.43,1626.13,265.75,,,,
68,12.7,41.869568,-87.627563,2715.94,369.34,6803.81,399.18,2715.94,,,,
70,19.58,41.867798,-87.638947,25945.07,5952.32,85153.09,304.69,25945.07,,,,
71,23.84,41.869578999999995,-87.625275,5333.73,2621.66,10589.69,503.67,5333.73,,,,
72,7.37,41.869568,-87.627563,433.96,40.8,370.72,1170.59,433.96,991.0,24.0,24.0,48.0
74,24.99,41.869578999999995,-87.625275,6272.16,3262.64,14361.41,436.74,6272.16,,,,
75,5.34,41.86956,-87.62982199999998,2283.74,192.69,4766.52,479.12,2283.74,991.0,24.0,24.0,48.0
76,5.21,41.86956,-87.62982199999998,2015.99,171.83,4209.18,478.95,2015.99,991.0,24.0,24.0,48.0
77,7.44,41.869568,-87.627563,442.89,40.86,386.18,1146.86,442.89,991.0,24.0,24.0,48.0
78,15.6,41.869564000000004,-87.628693,4764.53,618.85,11964.42,398.23,4764.53,991.0,1261314.0,172067.0,1433381.0
79,22.16,41.867832,-87.63324,47843.54,8988.19,148735.55,321.67,47843.54,991.0,23.0,23.0,46.0
82,52.07,41.870407,-87.628723,6025.74,3918.06,13307.54,452.81,6025.74,991.0,23.0,23.0,46.0
84,5.08,41.869568,-87.627563,1406.28,212.1,3563.75,394.61,1406.28,991.0,24.0,24.0,48.0
85,5.7,41.86956,-87.62982199999998,,,,,,991.0,24.0,24.0,48.0
86,3.28,41.870365,-87.637817,287.58,41.08,235.84,1219.39,287.58,,,,
87,5.49,41.86956,-87.62982199999998,2107.26,136.24,4034.71,522.28,2107.26,991.0,24.0,24.0,48.0
88,16.52,41.869568,-87.62640400000002,11722.9,2380.42,35991.79,325.71,11722.9,,,,
91,75.18,41.870434,-87.625275,21011.44,14883.4,74022.45,283.85,21011.44,,,,
92,10.73,41.869549,-87.630981,3599.45,671.18,10402.42,346.02,3599.45,,,,
98,3.91,41.870365,-87.637817,,,,,,,,,
99,3.66,41.870373,-87.636688,461.54,46.81,605.45,762.32,461.54,,,,
100,63.84,41.870391999999995,-87.630981,13343.06,10366.43,42305.17,315.4,13343.06,,,,
101,46.53,41.870434,-87.625275,5183.45,3666.26,9876.54,524.82,5183.45,,,,
103,7.11,41.870365,-87.637817,1459.2,51.0,2087.29,699.09,1459.2,,,,
104,41.21,41.870407,-87.628723,7808.67,5191.21,20472.32,381.43,7808.67,991.0,23.0,23.0,46.0
105,44.19,41.870422,-87.626434,15054.6,9915.52,49959.61,301.34,15054.6,,,,
109,10.94,41.87122,-87.635559,1533.03,92.88,2827.05,542.27,1533.03,,,,
110,5.42,41.870399,-87.629852,2732.18,220.54,5710.31,478.46,2732.18,991.0,24.0,24.0,48.0
113,45.35,41.870419,-87.627563,22567.03,14828.48,80254.33,281.19,22567.03,,,,
114,52.12,41.871277,-87.626434,13354.23,8848.87,43059.35,310.14,13354.23,,,,
115,14.39,41.871277,-87.62530500000004,6150.44,1230.96,18515.21,332.18,6150.44,,,,
116,27.04,41.871277,-87.62530500000004,13714.28,2833.94,42354.27,323.8,13714.28,,,,
121,21.44,41.871254,-87.629852,6028.53,637.05,14006.31,430.42,6028.53,991.0,23.0,23.0,46.0
121,21.44,41.871254,-87.629852,6028.53,637.05,14006.31,430.42,6028.53,993.0,23.0,23.0,46.0
122,26.98,41.87037700000001,-87.634399,32335.11,7437.76,107087.96,301.95,32335.11,,,,
123,39.19,41.872078,-87.633301,7220.81,4318.67,17997.97,401.2,7220.81,,,,
124,21.03,41.87125800000001,-87.628723,12354.81,1335.46,29402.38,420.2,12354.81,991.0,23.0,23.0,46.0
124,21.03,41.87125800000001,-87.628723,12354.81,1335.46,29402.38,420.2,12354.81,993.0,23.0,23.0,46.0
125,10.49,41.871254,-87.629852,5607.07,943.21,15654.25,358.18,5607.07,991.0,1479455.0,238061.0,1717516.0
125,10.49,41.871254,-87.629852,5607.07,943.21,15654.25,358.18,5607.07,993.0,1521571.0,240112.0,1761683.0
125,10.49,41.871254,-87.629852,5607.07,943.21,15654.25,358.18,5607.07,994.0,75397.0,11208.0,86605.0
125,10.49,41.871254,-87.629852,5607.07,943.21,15654.25,358.18,5607.07,995.0,91037.0,11418.0,102455.0
126,11.66,41.872063,-87.636719,563.02,42.51,615.25,915.1,563.02,,,,
131,52.82,41.872078,-87.633301,7051.99,838.52,16993.83,414.97,7051.99,,,,
132,35.93,41.872093,-87.631012,4831.44,609.29,11906.07,405.8,4831.44,,,,
133,8.22,41.872085999999996,-87.632141,469.49,40.73,403.84,1162.58,469.49,,,,
141,32.22,41.872108000000004,-87.62759399999999,12601.11,7953.7,40090.55,314.32,12601.11,,,,
153,8.75,41.87294,-87.632141,268.67,40.29,111.81,2402.88,268.67,,,,
154,31.83,41.872078,-87.633301,7889.76,4708.74,20725.71,380.68,7889.76,,,,
173,12.24,41.872101,-87.629852,3266.96,497.6,8670.61,376.79,3266.96,993.0,884950.0,129254.0,1014204.0
197,16.87,41.872966999999996,-87.62759399999999,1095.88,59.74,1687.97,649.23,1095.88,,,,
204,10.54,41.872971,-87.626465,3521.19,594.28,9716.95,362.38,3521.19,,,,
211,46.53,41.872128000000004,-87.62530500000004,61986.23,14745.31,213532.77,290.29,61986.23,,,,
220,42.44,41.87295200000001,-87.62988299999998,6630.95,733.44,15853.6,418.26,6630.95,993.0,1757605.0,210072.0,1967677.0
257,20.9,41.872948,-87.631012,2994.43,305.63,6776.35,441.89,2994.43,,,,
273,5.38,41.872971,-87.626465,1741.6,304.57,4714.76,369.39,1741.6,,,,
305,28.87,41.872955,-87.628723,8720.5,5800.97,23923.18,364.52,8720.5,993.0,23.0,23.0,46.0
323,9.17,41.873795,-87.631012,1543.63,195.35,3632.11,425.0,1543.63,993.0,409319.0,55372.0,464691.0
419,31.19,41.872105,-87.628723,17567.75,11747.37,59710.8,294.21,17567.75,991.0,5317738.0,1424760.0,6742498.0
419,31.19,41.872105,-87.628723,17567.75,11747.37,59710.8,294.21,17567.75,993.0,23.0,23.0,46.0
599,13.28,41.873814,-87.626465,3909.76,526.65,9866.64,396.26,3909.76,,,,
603,43.17,41.872982,-87.62530500000004,46284.93,31190.12,177629.75,260.57,46284.93,,,,
620,24.34,41.872046999999995,-87.638977,103689.22,62617.72,414615.57,250.09,103689.22,,,,
643,13.18,41.874607,-87.636719,360.92,40.31,181.54,1988.13,360.92,,,,
655,53.52,41.872925,-87.633301,32419.16,23308.77,119167.37,272.05,32419.16,,,,
656,35.78,41.873775,-87.633301,7602.64,4519.49,19623.22,387.43,7602.64,,,,
657,5.35,41.873795,-87.631012,808.31,84.56,1561.25,517.73,808.31,993.0,24.0,24.0,48.0
661,28.21,41.873795,-87.631012,8514.32,5026.35,23262.74,366.01,8514.32,993.0,23.0,23.0,46.0
665,38.79,41.872093,-87.631012,27652.57,19434.84,100071.74,276.33,27652.57,993.0,9314948.0,1477202.0,10792150.0
668,30.01,41.872101,-87.629852,20650.87,14411.71,71988.57,286.86,20650.87,993.0,23.0,23.0,46.0
668,30.01,41.872101,-87.629852,20650.87,14411.71,71988.57,286.86,20650.87,994.0,23.0,23.0,46.0
671,74.59,41.873798,-87.62988299999998,14580.39,11854.28,46857.05,311.17,14580.39,993.0,24.0,24.0,48.0
675,15.67,41.873798,-87.628723,7799.9,1014.7,19644.48,397.05,7799.9,993.0,2051070.0,282519.0,2333589.0
998,51.04,41.874638,-87.63104200000002,,,,,,993.0,1802573.0,237953.0,2040526.0
1449,30.61,41.875481,-87.633301,3787.81,1712.59,4516.65,838.63,3787.81,,,,
1498,27.24,41.874657,-87.628754,7202.24,4035.42,17981.29,400.54,7202.24,993.0,23.0,23.0,46.0
1534,42.51,41.874649,-87.62988299999998,12240.3,8116.18,38326.57,319.37,12240.3,993.0,3736316.0,575427.0,4311743.0
1574,49.22,41.874638,-87.63104200000002,9792.82,6556.41,28472.35,343.94,9792.82,993.0,2889751.0,417932.0,3307683.0
1580,36.29,41.874649,-87.62988299999998,9188.91,6134.79,25880.84,355.05,9188.91,993.0,2676784.0,360099.0,3036883.0
1586,26.71,41.874657,-87.628754,7314.34,4436.8,18288.3,399.95,7314.34,993.0,23.0,23.0,46.0
1609,52.82,41.874664,-87.627625,13670.21,9435.1,44058.03,310.28,13670.21,993.0,4319978.0,661630.0,4981608.0
1623,38.41,41.874638,-87.63104200000002,22685.22,14152.63,81355.63,278.84,22685.22,,,,
1697,13.73,41.87546500000001,-87.63559000000002,377.34,40.47,241.89,1560.01,377.34,,,,
1700,17.49,41.874598999999996,-87.637878,12644.61,2827.15,40048.93,315.73,12644.61,,,,
1709,39.88,41.874664,-87.627625,21231.97,13616.92,75127.34,282.61,21231.97,,,,
1755,26.26,41.875515,-87.626465,8059.34,4472.73,21690.6,371.56,8059.34,,,,
1779,28.02,41.874676,-87.625336,24884.15,17061.92,90214.74,275.83,24884.15,,,,
2248,5.51,41.875492,-87.62988299999998,499.62,46.94,668.45,747.44,499.62,993.0,24.0,24.0,48.0
2251,30.13,41.875515,-87.626465,6142.33,3487.63,13851.12,443.45,6142.33,,,,
2726,9.2,41.875481,-87.633301,2750.46,439.47,7364.05,373.5,2750.46,,,,
2861,16.94,41.876305,-87.636749,5004.31,885.24,14018.56,356.98,5004.31,,,,
2868,6.75,41.876369,-87.62649499999998,1330.04,128.46,2754.89,482.79,1330.04,,,,
3225,55.49,41.874598999999996,-87.637878,27372.67,23032.94,97337.06,281.22,27372.67,,,,
3283,8.17,41.876328,-87.63333100000001,860.44,83.06,1638.39,525.18,860.44,,,,
3296,24.53,41.875492,-87.62988299999998,13954.09,2576.64,40644.52,343.32,13954.09,993.0,23.0,23.0,46.0
3346,141.68,41.87632,-87.63446,26649.74,22378.91,96267.38,276.83,26649.74,,,,
3353,28.73,41.87632,-87.63446,5530.27,2922.14,11330.45,488.09,5530.27,,,,
3363,17.47,41.876328,-87.63333100000001,3706.41,529.99,9498.55,390.21,3706.41,,,,
3372,39.43,41.875484,-87.632172,14711.37,9809.86,48280.9,304.7,14711.37,,,,
3375,11.93,41.876339,-87.63104200000002,4530.87,761.92,12591.04,359.85,4530.87,993.0,1236930.0,191041.0,1427971.0
3416,54.5,41.87549600000001,-87.628754,13583.47,10301.16,43130.38,314.94,13583.47,993.0,24.0,24.0,48.0
3421,47.61,41.87549600000001,-87.628754,32669.8,20564.43,121960.34,267.87,32669.8,993.0,10738742.0,1996610.0,12735352.0
3476,38.81,41.875507,-87.627625,21351.15,13661.65,75573.74,282.52,21351.15,,,,
3500,16.63,41.876343,-87.629913,,,,,,993.0,564212.0,55690.0,619902.0
3507,69.15,41.876373,-87.625336,,,,,,,,,
3518,47.46,41.875526,-87.625336,48064.5,31439.04,184934.75,259.9,48064.5,,,,
3553,9.89,41.877209,-87.62649499999998,603.34,40.38,312.69,1929.51,603.34,,,,
3684,9.43,41.877186,-87.632202,1038.93,44.59,1246.94,833.18,1038.93,,,,
3713,10.69,41.877193,-87.628784,2957.76,243.4,6121.09,483.21,2957.76,993.0,738725.0,85060.0,823785.0
3718,8.36,41.877209,-87.62649499999998,505.2,40.82,411.92,1226.45,505.2,,,,
3932,46.8,41.877167,-87.63446,7550.53,5369.05,19327.27,390.67,7550.53,,,,
4958,129.83,41.877151,-87.636749,48912.15,40518.3,186219.86,262.66,48912.15,,,,
5089,84.03,41.877136,-87.639038,,,,,,,,,
5099,52.68,41.877205,-87.627625,24654.49,16486.03,88732.3,277.85,24654.49,,,,
5100,108.53,41.877151,-87.636749,17063.91,14469.34,56739.87,300.74,17063.91,,,,
5108,49.34,41.878009999999996,-87.634491,8564.06,5717.44,23463.31,365.0,8564.06,,,,
5113,33.97,41.877167,-87.63446,24230.88,17449.46,87173.04,277.96,24230.88,,,,
5114,84.11,41.877178,-87.63333100000001,58482.04,38376.07,226759.69,257.9,58482.04,,,,
5133,46.17,41.87294,-87.632141,137147.96,133218.11,538351.89,254.76,137147.96,,,,
5152,72.49,41.877186,-87.63104200000002,25212.22,18729.67,90138.58,279.71,25212.22,993.0,24.0,24.0,48.0
5153,59.84,41.87719,-87.629913,16452.87,13607.59,54238.02,303.35,16452.87,993.0,24.0,24.0,48.0
5160,50.42,41.87719,-87.629913,18731.22,13109.06,64306.58,291.28,18731.22,993.0,6150383.0,969866.0,7120249.0
5160,50.42,41.87719,-87.629913,18731.22,13109.06,64306.58,291.28,18731.22,994.0,6150380.0,969864.0,7120244.0
5172,83.6,41.878029,-87.632202,19804.87,15653.15,68877.34,287.54,19804.87,,,,
5178,33.98,41.877193,-87.628784,14177.45,10397.27,46214.38,306.78,14177.45,993.0,23.0,23.0,46.0
5187,54.32,41.877193,-87.628784,15228.01,11589.63,49671.04,306.58,15228.01,993.0,24.0,24.0,48.0
5277,60.48,41.878067,-87.62649499999998,12851.23,8986.05,40999.55,313.45,12851.23,,,,
5347,94.92,41.877224,-87.625366,100716.17,72631.96,398666.41,252.63,100716.17,,,,
5845,10.05,41.878006,-87.63561999999996,1291.33,126.29,2680.74,481.71,1291.33,,,,
5914,2.28,41.878853,-87.63678,203.98,40.84,134.91,1511.97,203.98,,,,
6077,141.54,41.878044,-87.629913,32259.61,25899.21,119099.21,270.86,32259.61,,,,
6213,53.63,41.877995,-87.637909,11026.66,7740.99,33456.85,329.58,11026.66,,,,
6229,63.09,41.878009999999996,-87.634491,29632.88,20143.04,109508.18,270.6,29632.88,,,,
6281,21.89,41.878052000000004,-87.628784,7128.7,1317.14,20591.53,346.2,7128.7,,,,
6291,80.27,41.878029,-87.632202,37385.98,25842.96,140929.95,265.28,37385.98,,,,
6343,70.98,41.878021000000004,-87.633362,32455.17,22723.26,120810.32,268.65,32455.17,,,,
6823,11.45,41.878871999999994,-87.633362,1369.26,45.05,1744.27,785.0,1369.26,,,,
6854,10.53,41.878871999999994,-87.633362,1304.96,41.61,1370.27,952.34,1304.96,,,,
6855,15.02,41.878899,-87.628784,613.27,41.49,579.31,1058.62,613.27,,,,
7043,166.18,41.878853,-87.63678,87481.01,64208.56,344360.91,254.04,87481.01,,,,
7192,116.57,41.878845,-87.637909,24242.25,18783.44,86599.51,279.94,24242.25,,,,
7196,11.51,41.878857,-87.63561999999996,8789.94,2056.32,28315.08,310.43,8789.94,,,,
7200,94.73,41.878052000000004,-87.628784,37245.75,27487.6,138949.92,268.05,37245.75,,,,
7207,73.76,41.878871999999994,-87.633362,,,,,,,,,
7236,88.59,41.878895,-87.631073,17713.06,13230.72,60296.52,293.77,17713.06,,,,
7239,46.56,41.878883,-87.632202,13925.85,9132.87,45468.04,306.28,13925.85,,,,
7240,9.46,41.878895,-87.631073,4733.77,967.4,14235.17,332.54,4733.77,,,,
7254,44.02,41.878899,-87.628784,12503.16,9496.0,39508.94,316.46,12503.16,,,,
7297,44.64,41.878056,-87.627625,23013.01,15485.86,82099.27,280.31,23013.01,992.0,23.0,23.0,46.0
7319,39.37,41.878067,-87.62649499999998,23317.08,16723.05,83361.25,279.71,23317.08,992.0,8640580.0,2606736.0,11247316.0
7336,49.8,41.878067,-87.625366,44880.81,33172.81,171187.34,262.17,44880.81,992.0,23.0,23.0,46.0
8063,94.58,41.87968400000001,-87.637939,15690.42,12065.0,52113.85,301.08,15690.42,,,,
8117,38.85,41.879761,-87.626526,8817.21,5585.34,24590.49,358.56,8817.21,992.0,3267812.0,847120.0,4114932.0
8330,49.71,41.879704,-87.635651,16149.75,10865.43,54489.63,296.38,16149.75,,,,
8340,10.44,41.878914,-87.626526,2207.48,44.67,2521.97,875.3,2207.48,992.0,518019.0,15902.0,533921.0
8398,34.21,41.879719,-87.633362,12264.66,7586.01,38841.21,315.76,12264.66,,,,
8402,158.01,41.879719,-87.633362,31227.26,25246.74,114271.93,273.27,31227.26,,,,
8403,117.64,41.8797,-87.63678,20834.19,17023.34,72397.38,287.78,20834.19,,,,
8440,91.13,41.879723,-87.632202,46899.25,32192.35,179723.14,260.95,46899.25,,,,
8472,60.74,41.87973,-87.631073,33495.38,22400.94,125306.64,267.31,33495.38,,,,
8487,96.6,41.879745,-87.628784,55428.54,38492.58,214475.04,258.44,55428.54,,,,
8495,3.41,41.87968400000001,-87.637939,243.94,40.42,139.96,1742.92,243.94,,,,
8547,10.02,41.878914,-87.626526,2370.62,50.17,2985.71,793.99,2370.62,992.0,560377.0,19660.0,580037.0
9170,72.33,41.8797,-87.63678,19611.73,13866.29,68363.9,286.87,19611.73,,,,
9182,120.41,41.8797,-87.63678,53458.92,38790.95,205939.86,259.59,53458.92,,,,
9193,135.97,41.879715000000004,-87.634491,113547.33,75433.94,451433.65,251.53,113547.33,,,,
9208,41.32,41.880565999999995,-87.63452099999998,6645.97,3982.9,15686.07,423.69,6645.97,,,,
9225,43.86,41.879719,-87.633362,23151.0,15104.19,83256.51,278.07,23151.0,,,,
9232,105.77,41.879723,-87.632202,,,,,,,,,
9253,33.33,41.87973,-87.631073,11382.74,6946.9,35258.34,322.84,11382.74,,,,
9256,25.97,41.879745,-87.628784,8080.56,4571.57,21696.94,372.43,8080.56,,,,
9257,96.17,41.879745,-87.628784,32499.72,23167.68,120683.73,269.3,32499.72,,,,
9259,109.45,41.879738,-87.629944,22268.01,16941.4,78638.04,283.17,22268.01,,,,
9307,58.78,41.879757,-87.627655,52694.04,34148.27,203684.76,258.7,52694.04,992.0,23.0,23.0,46.0
9321,16.03,41.878918,-87.624237,13774.75,2699.32,41400.67,332.72,13774.75,,,,
9325,67.37,41.879771999999996,-87.625366,39552.85,26561.98,149309.94,264.9,39552.85,992.0,23.0,23.0,46.0
9420,3.48,41.880581,-87.629944,275.39,40.55,189.07,1456.5,275.39,,,,
9535,6.34,41.880581,-87.63110400000002,1002.64,99.09,1996.72,502.14,1002.64,,,,
9567,4.8,41.880581,-87.629944,511.14,54.54,800.43,638.58,511.14,,,,
9601,123.25,41.880547,-87.63678,54282.21,38434.36,209583.13,259.0,54282.21,,,,
9604,36.85,41.880592,-87.628815,4692.32,2806.33,7713.67,608.31,4692.32,,,,
9608,53.99,41.880577,-87.632233,22594.9,17496.16,80476.08,280.77,22594.9,,,,
9610,95.8,41.880562,-87.635651,20057.34,15136.71,69696.39,287.78,20057.34,,,,
9620,79.75,41.880565999999995,-87.63452099999998,21586.47,15427.74,76241.89,283.13,21586.47,,,,
9623,54.18,41.880569,-87.633362,21308.63,14154.91,75559.13,282.01,21308.63,,,,
9625,62.4,41.880592,-87.628815,7953.45,5971.01,20465.59,388.63,7953.45,,,,
9655,43.73,41.880592,-87.628815,8187.78,5419.9,21747.44,376.49,8187.78,,,,
9776,106.63,41.881428,-87.63110400000002,14405.62,12015.66,46534.27,309.57,14405.62,,,,
9923,78.23,41.880615,-87.62539699999998,34513.83,23603.0,128864.61,267.83,34513.83,992.0,12819428.0,3560498.0,16379926.0
10102,125.31,41.880542999999996,-87.637939,81218.16,54278.46,318953.75,254.64,81218.16,,,,
10105,123.32,41.881393,-87.63678,37497.9,27873.98,140599.95,266.7,37497.9,,,,
10108,30.27,41.881397,-87.635651,16869.81,10622.87,57755.42,292.09,16869.81,,,,
10119,106.4,41.881397,-87.635651,14518.16,12130.47,46754.14,310.52,14518.16,,,,
10121,155.9,41.881415999999994,-87.633362,34904.08,28358.64,129451.4,269.63,34904.08,,,,
10141,129.14,41.881415999999994,-87.633362,27504.3,21696.3,99586.96,276.18,27504.3,,,,
10151,45.31,41.881428,-87.63110400000002,8987.59,6002.86,25331.57,354.8,8987.59,,,,
10153,71.72,41.881423999999996,-87.632233,23343.77,16138.29,83576.04,279.31,23343.77,,,,
10157,171.1,41.881428,-87.63110400000002,72611.49,54597.33,283570.83,256.06,72611.49,,,,
10182,38.32,41.880592,-87.628815,18216.7,11887.91,62671.56,290.67,18216.7,,,,
10183,117.11,41.881443,-87.628815,28953.65,21862.98,105737.46,273.83,28953.65,,,,
10231,50.16,41.880604,-87.627686,51789.75,33718.83,200254.52,258.62,51789.75,992.0,23.0,23.0,46.0
10250,79.17,41.881462,-87.626526,12896.09,10013.21,40985.16,314.65,12896.09,992.0,4785355.0,1563925.0,6349280.0
10279,51.39,41.880615,-87.62539699999998,30121.29,21104.69,110945.16,271.5,30121.29,992.0,23.0,23.0,46.0
10858,11.18,41.881462,-87.626526,2245.14,58.92,3192.38,703.28,2245.14,992.0,540334.0,25732.0,566066.0
10951,102.52,41.882275,-87.632263,16955.46,13332.39,56931.09,297.82,16955.46,,,,
10952,114.96,41.882286,-87.63110400000002,49690.93,35764.63,190733.77,260.53,49690.93,,,,
10953,80.56,41.88229000000001,-87.628845,33984.24,23991.92,127012.85,267.57,33984.24,,,,
10954,147.32,41.882271,-87.63452099999998,32896.9,26542.9,121372.19,271.04,32896.9,,,,
10955,60.44,41.882275,-87.632263,19759.55,13510.03,69136.61,285.8,19759.55,,,,
10957,137.72,41.882256,-87.635681,24398.27,19949.86,86718.57,281.35,24398.27,,,,
10967,148.39,41.882244,-87.63681,51001.05,39070.78,195468.37,260.92,51001.05,,,,
11140,5.01,41.88229000000001,-87.629974,304.32,41.73,280.99,1083.03,304.32,,,,
11484,11.57,41.882275,-87.633392,2144.17,64.14,3221.58,665.56,2144.17,,,,
11495,11.61,41.882275,-87.633392,,,,,,,,,
11550,145.67,41.882275,-87.633392,33594.2,26145.92,124467.94,269.9,33594.2,,,,
11581,54.52,41.882305,-87.62539699999998,26612.79,17626.49,96930.51,274.56,26612.79,992.0,23.0,23.0,46.0
11586,57.52,41.882305,-87.62539699999998,27137.02,18124.68,98999.61,274.11,27137.02,992.0,23.0,23.0,46.0
11606,64.66,41.882294,-87.627686,57765.52,38830.46,224363.03,257.46,57765.52,992.0,23.0,23.0,46.0
11608,110.35,41.88229000000001,-87.629974,27409.08,20910.2,99566.99,275.28,27409.08,,,,
11619,46.25,41.88229000000001,-87.628845,23744.18,16189.23,85582.76,277.44,23744.18,,,,
11632,76.62,41.882275,-87.632263,37601.06,26195.15,141825.49,265.12,37601.06,,,,
11634,112.93,41.882256,-87.635681,20525.32,16261.46,71381.0,287.55,20525.32,,,,
11637,54.81,41.882275,-87.633392,37462.79,27486.57,140876.45,265.93,37462.79,,,,
11640,79.5,41.882286,-87.63110400000002,12107.98,9371.2,37398.57,323.76,12107.98,,,,
11658,68.51,41.882271,-87.63452099999998,,,,,,,,,
11677,86.31,41.88224,-87.637939,53984.22,36206.87,208116.18,259.39,53984.22,,,,
11678,37.59,41.882244,-87.63681,6916.0,4285.57,16613.54,416.29,6916.0,,,,
11682,67.91,41.882244,-87.63681,21145.1,15533.49,74513.09,283.78,21145.1,,,,
11851,5.99,41.883156,-87.62655600000002,252.2,40.35,122.03,2066.75,252.2,992.0,24.0,24.0,48.0
11967,4.22,41.883133,-87.629974,281.51,40.32,148.19,1899.64,281.51,,,,
12017,2.79,41.883133,-87.629974,250.02,40.96,193.29,1293.51,250.02,,,,
12377,3.39,41.883133,-87.629974,260.05,40.33,139.38,1865.71,260.05,,,,
12571,65.67,41.883114,-87.633392,29283.26,24911.35,107374.93,272.72,29283.26,,,,
12579,3.13,41.883990999999995,-87.629974,648.08,45.36,822.41,788.03,648.08,,,,
12584,2.82,41.88398400000001,-87.631134,449.47,46.99,600.72,748.22,449.47,,,,
12593,56.73,41.883095000000004,-87.635681,29143.34,19733.74,107576.88,270.91,29143.34,,,,
12604,87.59,41.883095000000004,-87.63681,21715.48,15776.72,76629.56,283.38,21715.48,,,,
13129,177.85,41.88398400000001,-87.631134,58653.76,45019.2,226461.59,259.0,58653.76,,,,
13173,123.43,41.88395300000001,-87.635681,31826.4,24239.95,117565.58,270.71,31826.4,,,,
13175,19.85,41.883095000000004,-87.637939,,,,,,,,,
13200,51.61,41.883117999999996,-87.632263,50423.41,30725.37,194906.56,258.71,50423.41,,,,
13202,24.74,41.883163,-87.625427,14776.72,3041.25,45381.44,325.61,14776.72,992.0,5139338.0,1259953.0,6399291.0
13206,92.04,41.883156,-87.62655600000002,46310.76,32351.99,176447.4,262.46,46310.76,992.0,17214829.0,4941313.0,22156142.0
13227,56.09,41.883957,-87.634552,9555.86,6713.24,27380.62,349.0,9555.86,,,,
13231,112.47,41.883942,-87.636841,21554.83,17080.8,75503.21,285.48,21554.83,,,,
13242,14.41,41.883938,-87.63797,,,,,,,,,
13244,33.96,41.883144,-87.628845,37348.31,23479.84,141519.49,263.91,37348.31,,,,
13255,62.17,41.883148,-87.627686,68003.03,42229.2,266788.33,254.9,68003.03,992.0,23.0,23.0,46.0
13263,44.73,41.883965,-87.633423,22527.45,14938.48,80739.09,279.02,22527.45,,,,
13565,4.33,41.88486500000001,-87.624298,291.42,40.32,153.58,1897.59,291.42,,,,
13767,8.74,41.8848,-87.635681,1231.85,138.37,2684.71,458.84,1231.85,,,,
13909,134.7,41.884861,-87.625427,21866.83,18421.73,76722.15,285.01,21866.83,,,,
13987,16.15,41.884857000000004,-87.626587,6751.84,1319.65,19972.67,338.05,6751.84,,,,
14004,75.17,41.884811,-87.633423,16894.33,12092.73,57234.8,295.18,16894.33,,,,
14037,51.18,41.884846,-87.628845,27321.06,18122.93,100286.42,272.43,27321.06,,,,
14054,22.4,41.8848,-87.635681,2771.06,296.58,6329.02,437.83,2771.06,,,,
14056,18.29,41.884803999999995,-87.634552,5632.08,1024.66,16107.7,349.65,5632.08,,,,
14058,138.96,41.8848,-87.636841,45713.0,33829.61,174058.1,262.63,45713.0,,,,
14077,41.85,41.88485,-87.627716,,,,,,,,,
14256,2.92,41.8857,-87.626587,238.76,40.53,148.11,1612.03,238.76,,,,
14389,8.46,41.884811,-87.633423,1191.62,43.5,1464.03,813.93,1191.62,,,,
14398,9.67,41.884811,-87.633423,1255.85,40.95,1215.48,1033.21,1255.85,,,,
14597,106.41,41.88486500000001,-87.624298,,,,,,,,,
14669,35.44,41.884861,-87.625427,11435.59,7456.64,35461.75,322.48,11435.59,,,,
14674,49.89,41.884861,-87.625427,,,,,,,,,
14692,30.56,41.88485,-87.627716,17373.19,10982.88,59865.44,290.2,17373.19,,,,
14697,49.88,41.884823,-87.631134,49882.49,32170.84,192558.26,259.05,49882.49,,,,
14701,139.41,41.8848,-87.636841,30199.29,23538.72,110533.48,273.21,30199.29,,,,
14705,66.31,41.884811,-87.633423,42694.04,30650.17,161962.39,263.6,42694.04,,,,
14711,60.63,41.884815,-87.632263,,,,,,,,,
14713,34.36,41.884846,-87.628845,19350.3,12189.02,67912.77,284.93,19350.3,,,,
14714,56.4,41.88478900000001,-87.63797,13924.9,11023.4,44285.61,314.43,13924.9,,,,
14718,13.32,41.8848,-87.635681,9188.29,1828.91,27335.64,336.13,9188.29,,,,
14720,36.54,41.8848,-87.635681,12154.24,7564.27,38374.67,316.73,12154.24,,,,
14794,10.15,41.885689,-87.627716,649.12,41.8,641.13,1012.45,649.12,,,,
14933,11.85,41.88567000000001,-87.632263,3750.45,130.47,6032.8,621.68,3750.45,,,,
14938,11.99,41.885661999999996,-87.634552,338.17,40.36,182.54,1852.61,338.17,,,,
14944,9.57,41.885689,-87.627716,614.19,43.07,677.54,906.5,614.19,,,,
15400,43.24,41.885689,-87.627716,18373.82,12837.6,63638.39,288.72,18373.82,,,,
15419,54.6,41.8857,-87.626587,14985.45,10174.27,49787.81,300.99,14985.45,,,,
15460,84.35,41.885661999999996,-87.633423,28981.86,22822.57,106185.22,272.94,28981.86,,,,
15461,80.12,41.885661999999996,-87.634552,17273.76,12604.94,58732.09,294.11,17273.76,,,,
15641,130.33,41.885643,-87.636841,33676.9,26131.05,124719.1,270.02,33676.9,,,,
15719,110.09,41.885719,-87.624298,58556.92,43026.01,226660.3,258.35,58556.92,,,,
15879,69.38,41.886532,-87.63000500000004,11627.46,8349.24,35872.55,324.13,11627.46,,,,
15886,42.59,41.885708,-87.625427,16785.66,11007.17,56926.14,294.87,16785.66,,,,
15897,55.85,41.886547,-87.626587,14826.71,10201.42,49102.53,301.95,14826.71,,,,
15943,95.41,41.886542999999996,-87.627747,39241.71,29564.2,148130.04,264.91,39241.71,,,,
15948,80.88,41.886517,-87.63229399999999,30458.29,21774.13,112614.98,270.46,30458.29,991.0,11360256.0,3315611.0,14675867.0
15966,84.38,41.88567000000001,-87.632263,142073.38,114768.62,565480.81,251.24,142073.38,,,,
15970,89.34,41.885651,-87.635712,26689.85,19986.93,96143.97,277.6,26689.85,,,,
15979,89.27,41.886509000000004,-87.633423,33305.28,24167.95,124059.49,268.46,33305.28,991.0,12421755.0,3698124.0,16119879.0
15983,68.83,41.886509000000004,-87.63458299999998,16350.14,11478.14,55117.65,296.64,16350.14,991.0,23.0,23.0,46.0
16395,58.1,41.886547,-87.625458,5245.72,3529.54,10020.1,523.52,5245.72,,,,
16526,77.78,41.88657,-87.624298,8547.09,6579.77,23135.86,369.43,8547.09,,,,
16941,20.63,41.886547,-87.625458,7798.86,1323.13,21757.03,358.45,7798.86,,,,
16953,44.16,41.886547,-87.625458,14685.02,10194.15,48278.8,304.17,14685.02,,,,
17163,68.68,41.887413,-87.624329,5645.33,3926.49,11660.55,484.14,5645.33,,,,
329702,112.41,41.879771999999996,-87.625366,57734.03,41176.18,222535.19,259.44,57734.03,992.0,21440941.0,6341195.0,27782136.0
