ID,Avg. Ht,Lat,Lon,Electricity,Natural Gas,Total Energy,Total Area,Total Elec Per Area,temp_K,dewpt_K,RH_pct,pres_Pa,RadDir_Wm_2,_RadDif_Wm_2,Longwave_Wm_2,Shortwave_Wm_2,WindDir_deg,WindSpd_ms_1
1,1.74,41.867863,-87.628662,259.35,45.13,304.48,285.41,908.69,280.39280047343067,274.94619642823346,72.76697977899805,99869.72580382077,111.43543982056272,54.7673195929289,301.21964450527963,166.20275941243568,203.3032860104333,2.8481307272957657
5,3.03,41.867863,-87.628662,330.35,41.22,371.57000000000005,288.21,1146.2,280.39280047343067,274.94619642823346,72.76697977899805,99869.72580382077,111.43543982056272,54.7673195929289,301.21964450527963,166.20275941243568,203.3032860104333,2.8481307272957657
12,8.66,41.867863,-87.628662,585.84,46.6,632.44,754.84,776.11,280.39280047343067,274.94619642823346,72.76697977899805,99869.72580382077,111.43543982056272,54.7673195929289,301.21964450527963,166.20275941243568,203.3032860104333,2.8481307272957657
18,8.72,41.867863,-87.628662,588.2,46.46,634.6600000000001,754.85,779.23,280.39280047343067,274.94619642823346,72.76697977899805,99869.72580382077,111.43543982056272,54.7673195929289,301.21964450527963,166.20275941243568,203.3032860104333,2.8481307272957657
22,8.72,41.867863,-87.628662,588.2,46.46,634.6600000000001,754.84,779.24,280.39280047343067,274.94619642823346,72.76697977899805,99869.72580382077,111.43543982056272,54.7673195929289,301.21964450527963,166.20275941243568,203.3032860104333,2.8481307272957657
25,8.8,41.867863,-87.628662,591.25,46.29,637.54,754.85,783.27,280.39280047343067,274.94619642823346,72.76697977899805,99869.72580382077,111.43543982056272,54.7673195929289,301.21964450527963,166.20275941243568,203.3032860104333,2.8481307272957657
30,3.2,41.867863,-87.628662,312.35,40.47,352.82000000000005,202.21,1544.72,280.39280047343067,274.94619642823346,72.76697977899805,99869.72580382077,111.43543982056272,54.7673195929289,301.21964450527963,166.20275941243568,203.3032860104333,2.8481307272957657
32,15.57,41.867863,-87.628662,4641.05,582.74,5223.79,11525.83,402.66,280.39280047343067,274.94619642823346,72.76697977899805,99869.72580382077,111.43543982056272,54.7673195929289,301.21964450527963,166.20275941243568,203.3032860104333,2.8481307272957657
2,2.17,41.867859,-87.629822,295.28,43.49,338.77,313.14,942.95,280.3824548088623,274.93942070947054,72.78483002631579,99869.27691540746,111.12851691496974,54.86728172362086,301.25108338865414,165.99579865641638,202.63685962152593,2.8411101227506945
4,2.97,41.867859,-87.629822,303.2,41.07,344.27,251.16,1207.21,280.3824548088623,274.93942070947054,72.78483002631579,99869.27691540746,111.12851691496974,54.86728172362086,301.25108338865414,165.99579865641638,202.63685962152593,2.8411101227506945
11,8.94,41.867859,-87.629822,597.03,45.99,643.02,754.84,790.93,280.3824548088623,274.93942070947054,72.78483002631579,99869.27691540746,111.12851691496974,54.86728172362086,301.25108338865414,165.99579865641638,202.63685962152593,2.8411101227506945
17,9.03,41.867859,-87.629822,600.73,45.81,646.54,754.85,795.83,280.3824548088623,274.93942070947054,72.78483002631579,99869.27691540746,111.12851691496974,54.86728172362086,301.25108338865414,165.99579865641638,202.63685962152593,2.8411101227506945
21,9.1,41.867859,-87.629822,603.45,45.66,649.11,754.83,799.45,280.3824548088623,274.93942070947054,72.78483002631579,99869.27691540746,111.12851691496974,54.86728172362086,301.25108338865414,165.99579865641638,202.63685962152593,2.8411101227506945
24,8.73,41.867859,-87.629822,588.58,46.45,635.0300000000001,754.84,779.74,280.3824548088623,274.93942070947054,72.78483002631579,99869.27691540746,111.12851691496974,54.86728172362086,301.25108338865414,165.99579865641638,202.63685962152593,2.8411101227506945
29,3.16,41.867859,-87.629822,302.91,40.6,343.51000000000005,212.72,1423.93,280.3824548088623,274.93942070947054,72.78483002631579,99869.27691540746,111.12851691496974,54.86728172362086,301.25108338865414,165.99579865641638,202.63685962152593,2.8411101227506945
10,3.73,41.86787,-87.626404,354.79,40.52,395.31,282.49,1255.94,280.41718700587154,274.96343515062944,72.73124049210098,99870.5545419692,111.80213828178591,54.75046527984297,301.19359514285696,166.55260356640198,203.94023122708438,2.8625561986145134
14,17.77,41.86787,-87.626404,2527.46,294.05,2821.51,5975.49,422.97,280.41718700587154,274.96343515062944,72.73124049210098,99870.5545419692,111.80213828178591,54.75046527984297,301.19359514285696,166.55260356640198,203.94023122708438,2.8625561986145134
37,22.36,41.86787,-87.626404,4826.63,734.65,5561.28,12836.72,376.0,280.41718700587154,274.96343515062944,72.73124049210098,99870.5545419692,111.80213828178591,54.75046527984297,301.19359514285696,166.55260356640198,203.94023122708438,2.8625561986145134
15,8.31,41.867878,-87.625244,1996.38,323.27,2319.65,5323.7,375.0,280.43106199193244,274.97282287011103,72.70880449446643,99870.97571307488,112.00329179644324,54.68941200211197,301.1849448769115,166.69270378736155,204.42016533551586,2.8701564931570487
20,92.27,41.867878,-87.625244,17173.97,15007.93,32181.9,57765.85,297.3,280.43106199193244,274.97282287011103,72.70880449446643,99870.97571307488,112.00329179644324,54.68941200211197,301.1849448769115,166.69270378736155,204.42016533551586,2.8701564931570487
56,36.98,41.867878,-87.625244,39872.46,27661.33,67533.79000000001,150984.79,264.08,280.43106199193244,274.97282287011103,72.70880449446643,99870.97571307488,112.00329179644324,54.68941200211197,301.1849448769115,166.69270378736155,204.42016533551586,2.8701564931570487
19,12.03,41.867023,-87.626404,3634.73,246.43,3881.16,7470.48,486.55,280.43532338552853,274.9701836066151,72.67430113487366,99870.59205444176,111.891352680282,54.733617098420154,301.21477409918043,166.62496977633702,204.01102857307598,2.8670367506124883
23,7.6,41.86787,-87.627533,402.4,40.41,442.80999999999995,277.11,1452.1,280.4043731150627,274.95438374144607,72.75005303045552,99870.12011561883,111.61344423603948,54.78153874917629,301.20214890065057,166.39498298690506,203.7427259504942,2.8553298070457034
31,6.94,41.86787,-87.627533,397.96,40.65,438.60999999999996,321.52,1237.77,280.4043731150627,274.95438374144607,72.75005303045552,99870.12011561883,111.61344423603948,54.78153874917629,301.20214890065057,166.39498298690506,203.7427259504942,2.8553298070457034
52,25.01,41.86787,-87.627533,18783.02,11597.79,30380.81,65038.67,288.8,280.4043731150627,274.95438374144607,72.75005303045552,99870.12011561883,111.61344423603948,54.78153874917629,301.20214890065057,166.39498298690506,203.7427259504942,2.8553298070457034
33,3.1,41.86871,-87.629822,340.73,41.05,381.78000000000003,287.75,1184.11,280.3658064557744,274.93310642734644,72.8364997708034,99869.20588515078,111.08514801723403,54.82889629821744,301.2087427977524,165.9140443317138,202.69212613069197,2.8372719293739985
35,9.01,41.86871,-87.629822,612.19,46.2,658.3900000000001,777.71,787.17,280.3658064557744,274.93310642734644,72.8364997708034,99869.20588515078,111.08514801723403,54.82889629821744,301.2087427977524,165.9140443317138,202.69212613069197,2.8372719293739985
38,8.9,41.86871,-87.629822,485.86,41.07,526.9300000000001,426.33,1139.62,280.3658064557744,274.93310642734644,72.8364997708034,99869.20588515078,111.08514801723403,54.82889629821744,301.2087427977524,165.9140443317138,202.69212613069197,2.8372719293739985
51,5.42,41.86871,-87.629822,2088.66,166.36,2255.02,4257.49,490.58,280.3658064557744,274.93310642734644,72.8364997708034,99869.20588515078,111.08514801723403,54.82889629821744,301.2087427977524,165.9140443317138,202.69212613069197,2.8372719293739985
53,5.39,41.86871,-87.629822,2139.19,177.56,2316.75,4424.07,483.53,280.3658064557744,274.93310642734644,72.8364997708034,99869.20588515078,111.08514801723403,54.82889629821744,301.2087427977524,165.9140443317138,202.69212613069197,2.8372719293739985
34,2.99,41.86871,-87.628693,334.14,41.15,375.28999999999996,287.76,1161.2,280.3754031431946,274.93994494225717,72.82270955313834,99869.64742637344,111.28713118074695,54.79465206602171,301.1921555959703,166.08178323988338,203.215348667948,2.844104837923462
36,8.42,41.86871,-87.628693,588.23,47.67,635.9,777.71,756.36,280.3754031431946,274.93994494225717,72.82270955313834,99869.64742637344,111.28713118074695,54.79465206602171,301.1921555959703,166.08178323988338,203.215348667948,2.844104837923462
39,8.79,41.86871,-87.628693,481.88,41.1,522.98,426.34,1130.27,280.3754031431946,274.93994494225717,72.82270955313834,99869.64742637344,111.28713118074695,54.79465206602171,301.1921555959703,166.08178323988338,203.215348667948,2.844104837923462
49,15.46,41.86871,-87.628693,4633.73,592.42,5226.15,11572.7,400.4,280.3754031431946,274.93994494225717,72.82270955313834,99869.64742637344,111.28713118074695,54.79465206602171,301.1921555959703,166.08178323988338,203.215348667948,2.844104837923462
41,33.28,41.868675,-87.635529,5505.99,2955.24,8461.23,11190.57,492.02,280.3410093462024,274.91119136601344,72.85091063440909,99867.03508463953,110.12574336385903,55.10881603991717,301.28951944572106,165.2345594084648,200.32139603586225,2.811241362676355
45,6.86,41.868717,-87.627563,385.88,40.64,426.52,309.11,1248.34,280.38655199370635,274.9476151583167,72.80531578018082,99870.07894869043,111.48407141716658,54.765328262735466,301.187526224719,166.24939967267875,203.64673927321118,2.851342304638
48,7.48,41.868717,-87.627563,394.47,40.41,434.88,269.96,1461.2,280.38655199370635,274.9476151583167,72.80531578018082,99870.07894869043,111.48407141716658,54.765328262735466,301.187526224719,166.24939967267875,203.64673927321118,2.851342304638
46,12.51,41.867851,-87.630951,15516.08,3702.54,19218.62,51734.1,299.92,280.3738493557914,274.9337177394604,72.79934211523195,99868.84587258103,110.9692466426882,54.88109774702204,301.28435495188813,165.85034439085047,202.00928024136184,2.834663235997295
50,3.68,41.868671,-87.636658,326.01,40.44,366.45,223.63,1457.8,280.3413220195575,274.90919875259794,72.83938364184347,99866.6208023587,109.98534973899635,55.196922366182264,301.3138565563488,165.1822721047986,199.64878118383015,2.8076277694094816
61,11.49,41.868671,-87.636658,1524.64,156.9,1681.5400000000002,3319.28,459.33,280.3413220195575,274.90919875259794,72.83938364184347,99866.6208023587,109.98534973899635,55.196922366182264,301.3138565563488,165.1822721047986,199.64878118383015,2.8076277694094816
55,31.43,41.868725,-87.626404,11515.77,6896.51,18412.28,35773.8,321.91,280.3992990169808,274.95643068598497,72.78565850485774,99870.5133928625,111.7177033017657,54.754675389921395,301.18833056817573,166.47237868142275,203.8989537209597,2.8585816118949063
57,4.88,41.869514,-87.636688,245.9,40.57,286.47,164.32,1496.5,280.32433716410407,274.9019451044608,72.88803963601423,99866.47740103836,109.91773771639762,55.170031172678854,301.3027072291119,165.08776887762968,199.63800110192597,2.804083416659629
64,3.66,41.869514,-87.636688,265.75,40.45,306.2,163.43,1626.13,280.32433716410407,274.9019451044608,72.88803963601423,99866.47740103836,109.91773771639762,55.170031172678854,301.3027072291119,165.08776887762968,199.63800110192597,2.804083416659629
59,3.34,41.86953,-87.63324,303.33,41.15,344.47999999999996,261.21,1161.21,280.3291227093013,274.91061015062917,72.90743716608955,99867.82429795095,110.44214550570234,55.01803599387511,301.23365411649934,165.46018145074768,201.12495287568626,2.817173096223709
68,12.7,41.869568,-87.627563,2715.94,369.34,3085.28,6803.81,399.18,280.3690263045541,274.9406453875137,72.85809534662506,99869.98269033355,111.41342933961313,54.77240425897605,301.16034466325954,166.18583363875982,203.52726427498507,2.8478063785587557
72,7.37,41.869568,-87.627563,433.96,40.8,474.76,370.72,1170.59,280.3690263045541,274.9406453875137,72.85809534662506,99869.98269033355,111.41342933961313,54.77240425897605,301.16034466325954,166.18583363875982,203.52726427498507,2.8478063785587557
77,7.44,41.869568,-87.627563,442.89,40.86,483.75,386.18,1146.86,280.3690263045541,274.9406453875137,72.85809534662506,99869.98269033355,111.41342933961313,54.77240425897605,301.16034466325954,166.18583363875982,203.52726427498507,2.8478063785587557
84,5.08,41.869568,-87.627563,1406.28,212.1,1618.3799999999999,3563.75,394.61,280.3690263045541,274.9406453875137,72.85809534662506,99869.98269033355,111.41342933961313,54.77240425897605,301.16034466325954,166.18583363875982,203.52726427498507,2.8478063785587557
70,19.58,41.867798,-87.638947,25945.07,5952.32,31897.39,85153.09,304.69,280.360385470305,274.9148043976516,72.77209468877257,99865.89803852828,109.77388992916276,55.394967220241725,301.41767348179457,165.16885716038712,198.3712067678043,2.8032244756695115
71,23.84,41.869579,-87.625275,5333.73,2621.66,7955.389999999999,10589.69,503.67,280.39595216397737,274.9591343598888,72.8159107960632,99870.93104084497,111.78125660864235,54.72939964978464,301.15508725699084,166.5106562928107,204.55410303658016,2.863065817056685
74,24.99,41.869579,-87.625275,6272.16,3262.64,9534.8,14361.41,436.74,280.39595216397737,274.9591343598888,72.8159107960632,99870.93104084497,111.78125660864235,54.72939964978464,301.15508725699084,166.5106562928107,204.55410303658016,2.863065817056685
75,5.34,41.86956,-87.629822,2283.74,192.69,2476.43,4766.52,479.12,280.34964860496723,274.92671997643,72.88535703746722,99869.09445620516,110.99586527295756,54.85560258013008,301.1764159986905,165.85146783361495,202.66917369941726,2.833586701233421
76,5.21,41.86956,-87.629822,2015.99,171.83,2187.82,4209.18,478.95,280.34964860496723,274.92671997643,72.88535703746722,99869.09445620516,110.99586527295756,54.85560258013008,301.1764159986905,165.85146783361495,202.66917369941726,2.833586701233421
87,5.49,41.86956,-87.629822,2107.26,136.24,2243.5,4034.71,522.28,280.34964860496723,274.92671997643,72.88535703746722,99869.09445620516,110.99586527295756,54.85560258013008,301.1764159986905,165.85146783361495,202.66917369941726,2.833586701233421
78,15.6,41.869564,-87.628693,4764.53,618.85,5383.38,11964.42,398.23,280.3584559562808,274.9332574519304,72.8740073391906,99869.54686740883,111.15554709229531,54.846903690124186,301.1521777853767,166.00245077836436,203.17544089794708,2.840427147419112
79,22.16,41.867832,-87.63324,47843.54,8988.19,56831.73,148735.55,321.67,280.3619536546418,274.92422198403267,72.81134167001777,99868.04852270636,110.35490677000084,55.1268740991807,301.322255791079,165.4817808617894,201.07615178740397,2.8240184769789654
82,52.07,41.870407,-87.628723,6025.74,3918.06,9943.8,13307.54,452.81,280.3422448282502,274.92665364087185,72.92204412891785,99869.47345155515,111.13008431937965,54.8228365378052,301.12025423029496,165.95292088941446,203.20331900274562,2.8378043072991503
104,41.21,41.870407,-87.628723,7808.67,5191.21,12999.880000000001,20472.32,381.43,280.3422448282502,274.92665364087185,72.92204412891785,99869.47345155515,111.13008431937965,54.8228365378052,301.12025423029496,165.95292088941446,203.20331900274562,2.8378043072991503
86,3.28,41.870365,-87.637817,287.58,41.08,328.65999999999997,235.84,1219.39,280.3080729878348,274.8926530814821,72.9228999067331,99865.84840965102,109.88033826535431,55.07749654760492,301.3020035045198,164.9578348079325,198.97968365962674,2.7968895774267133
103,7.11,41.870365,-87.637817,1459.2,51.0,1510.2,2087.29,699.09,280.3080729878348,274.8926530814821,72.9228999067331,99865.84840965102,109.88033826535431,55.07749654760492,301.3020035045198,164.9578348079325,198.97968365962674,2.7968895774267133
88,16.52,41.869568,-87.626404,11722.9,2380.42,14103.32,35991.79,325.71,280.381851145096,274.94937910032075,72.83763976172169,99870.46892292133,111.6328809120975,54.74795464902424,301.16980168252104,166.3808355900565,204.0254979488045,2.855347786516853
91,75.18,41.870434,-87.625275,21011.44,14883.4,35894.84,74022.45,283.85,280.38035822281853,274.95279464860215,72.86218249628287,99870.88833444756,111.65066392375596,54.73741689393435,301.13737217077863,166.3880807978797,204.49995595514085,2.8605668610289783
101,46.53,41.870434,-87.625275,5183.45,3666.26,8849.71,9876.54,524.82,280.38035822281853,274.95279464860215,72.86218249628287,99870.88833444756,111.65066392375596,54.73741689393435,301.13737217077863,166.3880807978797,204.49995595514085,2.8605668610289783
92,10.73,41.869549,-87.630981,3599.45,671.18,4270.63,10402.42,346.02,280.34193297414924,274.92062509478717,72.89346025314703,99868.67289669377,110.79705009259126,54.94811600270335,301.2056788726452,165.74516607307575,202.3589143938497,2.8277125611219063
99,3.66,41.870373,-87.636688,461.54,46.81,508.35,605.45,762.32,280.30783029247294,274.89484028630534,72.93505036238065,99866.33294404016,109.9378221006167,55.05015122412765,301.30013982115406,164.98797329103644,199.6816131960377,2.800663668243646
100,63.84,41.870392,-87.630981,13343.06,10366.43,23709.489999999998,42305.17,315.4,280.32656275040137,274.91444555533457,72.93941411434487,99868.5486273206,110.73024129593651,54.991972901537544,301.1780107251411,165.72221417631152,202.31690633923282,2.8249408558756435
105,44.19,41.870422,-87.626434,15054.6,9915.52,24970.120000000003,49959.61,301.34,280.36565268108467,274.942687077553,72.88517205875641,99870.41347047672,111.53633134535784,54.75985305457478,301.15518329509183,166.2961843934695,203.893031088705,2.8528095353552403
109,10.94,41.87122,-87.635559,1533.03,92.88,1625.9099999999999,2827.05,542.27,280.2926504245169,274.891301592338,72.99325641670194,99866.61564968592,110.03753759727958,54.99747785334117,301.257757649658,165.03501546675687,200.22482348306175,2.8012550034637167
110,5.42,41.870399,-87.629852,2732.18,220.54,2952.72,5710.31,478.46,280.33398272619763,274.92034959504105,72.93183421069524,99869.00147610588,110.87942658034149,54.91466076332678,301.1546827381939,165.79408732237886,202.7014188279971,2.830922788671116
113,45.35,41.870419,-87.627563,22567.03,14828.48,37395.509999999995,80254.33,281.19,280.3525947150882,274.9338641396468,72.9063471125708,99869.95759522528,111.30244299074958,54.80911214099848,301.14710768260517,166.11155509022555,203.44989186022647,2.8453211024752885
114,52.12,41.871277,-87.626434,13354.23,8848.87,22203.1,43059.35,310.14,280.3508730011829,274.9364930130104,72.92809993659701,99870.35796819496,111.4585391829434,54.766425357311824,301.1418893973558,166.22496450802575,204.02622025656837,2.850886842527669
115,14.39,41.871277,-87.625305,6150.44,1230.96,7381.4,18515.21,332.18,280.36567364133657,274.9464994929461,72.90412964788378,99870.81375005422,111.57565182026705,54.69976114699675,301.1132512486268,166.27541295805537,204.49099233065812,2.8586792975416047
116,27.04,41.871277,-87.625305,13714.28,2833.94,16548.22,42354.27,323.8,280.36567364133657,274.9464994929461,72.90412964788378,99870.81375005422,111.57565182026705,54.69976114699675,301.1132512486268,166.27541295805537,204.49099233065812,2.8586792975416047
121,21.44,41.871254,-87.629852,6028.53,637.05,6665.58,14006.31,430.42,280.31952848851057,274.9149109686154,72.97691258862045,99868.91629299145,110.83087720266948,54.92200648297713,301.13741529792196,165.75288368932144,202.8388483617894,2.8289679064796776
121,21.44,41.871254,-87.629852,6028.53,637.05,6665.58,14006.31,430.42,280.31952848851057,274.9149109686154,72.97691258862045,99868.91629299145,110.83087720266948,54.92200648297713,301.13741529792196,165.75288368932144,202.8388483617894,2.8289679064796776
125,10.49,41.871254,-87.629852,5607.07,943.21,6550.28,15654.25,358.18,280.31952848851057,274.9149109686154,72.97691258862045,99868.91629299145,110.83087720266948,54.92200648297713,301.13741529792196,165.75288368932144,202.8388483617894,2.8289679064796776
125,10.49,41.871254,-87.629852,5607.07,943.21,6550.28,15654.25,358.18,280.31952848851057,274.9149109686154,72.97691258862045,99868.91629299145,110.83087720266948,54.92200648297713,301.13741529792196,165.75288368932144,202.8388483617894,2.8289679064796776
125,10.49,41.871254,-87.629852,5607.07,943.21,6550.28,15654.25,358.18,280.31952848851057,274.9149109686154,72.97691258862045,99868.91629299145,110.83087720266948,54.92200648297713,301.13741529792196,165.75288368932144,202.8388483617894,2.8289679064796776
125,10.49,41.871254,-87.629852,5607.07,943.21,6550.28,15654.25,358.18,280.31952848851057,274.9149109686154,72.97691258862045,99868.91629299145,110.83087720266948,54.92200648297713,301.13741529792196,165.75288368932144,202.8388483617894,2.8289679064796776
122,26.98,41.870377,-87.634399,32335.11,7437.76,39772.87,107087.96,301.95,280.3094752906989,274.9006795395796,72.95602085828344,99867.21364946968,110.27812889237156,54.99181485655152,301.23360551871286,165.26994373570136,200.79581197993585,2.808806749387514
123,39.19,41.872078,-87.633301,7220.81,4318.67,11539.48,17997.97,401.2,280.28738028634785,274.8944202045284,73.03519990631067,99867.36889197081,110.4538561897442,54.84004010289778,301.1592075216268,165.29389630332858,201.07629397617666,2.8087946988257158
131,52.82,41.872078,-87.633301,7051.99,838.52,7890.51,16993.83,414.97,280.28738028634785,274.8944202045284,73.03519990631067,99867.36889197081,110.4538561897442,54.84004010289778,301.1592075216268,165.29389630332858,201.07629397617666,2.8087946988257158
154,31.83,41.872078,-87.633301,7889.76,4708.74,12598.5,20725.71,380.68,280.28738028634785,274.8944202045284,73.03519990631067,99867.36889197081,110.4538561897442,54.84004010289778,301.1592075216268,165.29389630332858,201.07629397617666,2.8087946988257158
124,21.03,41.871258,-87.628723,12354.81,1335.46,13690.27,29402.38,420.2,280.3275659426374,274.92078750405557,72.96610795792853,99869.40314631844,111.08674236377487,54.83295849433976,301.11826859398496,165.91970084049998,203.17841063453588,2.835796378389793
124,21.03,41.871258,-87.628723,12354.81,1335.46,13690.27,29402.38,420.2,280.3275659426374,274.92078750405557,72.96610795792853,99869.40314631844,111.08674236377487,54.83295849433976,301.11826859398496,165.91970084049998,203.17841063453588,2.835796378389793
126,11.66,41.872063,-87.636719,563.02,42.51,605.53,615.25,915.1,280.27821845530974,274.8821873795307,73.01984421424349,99865.98070239038,109.88002513271942,54.985380410196804,301.2685065208672,164.86540552331655,199.6028002870661,2.7946124550139366
132,35.93,41.872093,-87.631012,4831.44,609.29,5440.73,11906.07,405.8,280.30024781181885,274.9046616633855,73.02206930493384,99868.31298906864,110.67409227823757,54.86125229547182,301.15455567217225,165.5353445677963,202.14182509858918,2.820716047393765
665,38.79,41.872093,-87.631012,27652.57,19434.84,47087.41,100071.74,276.33,280.30024781181885,274.9046616633855,73.02206930493384,99868.31298906864,110.67409227823757,54.86125229547182,301.15455567217225,165.5353445677963,202.14182509858918,2.820716047393765
133,8.22,41.872086,-87.632141,469.49,40.73,510.22,403.84,1162.58,280.29372747372645,274.8994038822759,73.02838169591108,99867.85605417554,110.58928151516409,54.814276920545815,301.15706016828585,165.40355843803334,201.48636272636642,2.814477686618232
141,32.22,41.872108,-87.627594,12601.11,7953.7,20554.81,40090.55,314.32,280.32495996967117,274.9227650933513,72.98902559546339,99869.8030430981,111.26059813352222,54.764621096223685,301.11097072074824,166.02521925238673,203.5347351084313,2.841350577680154
153,8.75,41.87294,-87.632141,268.67,40.29,308.96000000000004,111.81,2402.88,280.28328097372633,274.8956198014282,73.06169384607583,99867.72784555312,110.51499703831207,54.76660026396048,301.1663487375182,165.28159730924216,201.42547068594243,2.8133013467939514
5133,46.17,41.87294,-87.632141,137147.96,133218.11,270366.06999999995,538351.89,254.76,280.28328097372633,274.8956198014282,73.06169384607583,99867.72784555312,110.51499703831207,54.76660026396048,301.1663487375182,165.28159730924216,201.42547068594243,2.8133013467939514
173,12.24,41.872101,-87.629852,3266.96,497.6,3764.56,8670.61,376.79,280.3071859618993,274.9101319944667,73.01473028626341,99868.79741455133,110.89684952830099,54.81706915147423,301.12157162798803,165.7139187144127,202.90202979707715,2.827134679057194
668,30.01,41.872101,-87.629852,20650.87,14411.71,35062.58,71988.57,286.86,280.3071859618993,274.9101319944667,73.01473028626341,99868.79741455133,110.89684952830099,54.81706915147423,301.12157162798803,165.7139187144127,202.90202979707715,2.827134679057194
668,30.01,41.872101,-87.629852,20650.87,14411.71,35062.58,71988.57,286.86,280.3071859618993,274.9101319944667,73.01473028626341,99868.79741455133,110.89684952830099,54.81706915147423,301.12157162798803,165.7139187144127,202.90202979707715,2.827134679057194
197,16.87,41.872967,-87.627594,1095.88,59.74,1155.6200000000001,1687.97,649.23,280.31358039330064,274.9179450681763,73.02182356914768,99869.74509912179,111.11563030936905,54.72302569802315,301.1187383800798,165.83865601220742,203.38335020596432,2.8397141831967594
204,10.54,41.872971,-87.626465,3521.19,594.28,4115.47,9716.95,362.38,280.32526656420515,274.92555018353437,73.00141830121659,99870.25133387193,111.41430964627877,54.586575406014965,301.10282810424974,166.0008850644167,204.02822216634286,2.847904300202753
273,5.38,41.872971,-87.626465,1741.6,304.57,2046.1699999999998,4714.76,369.39,280.32526656420515,274.92555018353437,73.00141830121659,99870.25133387193,111.41430964627877,54.586575406014965,301.10282810424974,166.0008850644167,204.02822216634286,2.847904300202753
211,46.53,41.872128,-87.625305,61986.23,14745.31,76731.54000000001,213532.77,290.29,280.3515814395961,274.9402489243898,72.94333755689789,99870.78228983963,111.5235109113373,54.62143400929284,301.08806651292537,166.14494488992145,204.5493511914761,2.8572469586466163
220,42.44,41.872952,-87.629883,6630.95,733.44,7364.389999999999,15853.6,418.26,280.29637924824743,274.90568314927816,73.04651946096983,99868.71422235566,110.77701734375273,54.77125096946014,301.14765435317236,165.54826832757462,202.63286329454252,2.8255130100532235
257,20.9,41.872948,-87.631012,2994.43,305.63,3300.06,6776.35,441.89,280.28973789469467,274.90060266114733,73.05432361079666,99868.20209704232,110.59177792244658,54.80965785596013,301.1756096072062,165.40143575458333,202.0953350898878,2.819340080552504
305,28.87,41.872955,-87.628723,8720.5,5800.97,14521.470000000001,23923.18,364.52,280.30403437902334,274.9113597401371,73.03662642848691,99869.22063134745,110.98712568712513,54.72798864543374,301.11166179956905,165.71511435135608,203.26154803472164,2.8321684326687486
323,9.17,41.873795,-87.631012,1543.63,195.35,1738.98,3632.11,425.0,280.2791907909945,274.8963914651938,73.08600289262483,99868.0702349535,110.49021356082602,54.733194000000076,301.1686200653458,165.22340756657084,201.97484695649246,2.81850141573034
657,5.35,41.873795,-87.631012,808.31,84.56,892.8699999999999,1561.25,517.73,280.2791907909945,274.8963914651938,73.08600289262483,99868.0702349535,110.49021356082602,54.733194000000076,301.1686200653458,165.22340756657084,201.97484695649246,2.81850141573034
661,28.21,41.873795,-87.631012,8514.32,5026.35,13540.67,23262.74,366.01,280.2791907909945,274.8963914651938,73.08600289262483,99868.0702349535,110.49021356082602,54.733194000000076,301.1686200653458,165.22340756657084,201.97484695649246,2.81850141573034
419,31.19,41.872105,-87.628723,17567.75,11747.37,29315.120000000003,59710.8,294.21,280.31511065236106,274.91589414070273,73.00391753455271,99869.29557380188,111.14642840588822,54.7466862150038,301.0996011859424,165.89311461958278,203.4213243576076,2.833873570921688
419,31.19,41.872105,-87.628723,17567.75,11747.37,29315.120000000003,59710.8,294.21,280.31511065236106,274.91589414070273,73.00391753455271,99869.29557380188,111.14642840588822,54.7466862150038,301.0996011859424,165.89311461958278,203.4213243576076,2.833873570921688
599,13.28,41.873814,-87.626465,3909.76,526.65,4436.41,9866.64,396.26,280.3140930358621,274.92042282567354,73.03164887327866,99870.14649344867,111.44013446815069,54.42313078845989,301.0724154437782,165.86326524165747,203.91482733162968,2.8465301897862636
603,43.17,41.872982,-87.625305,46284.93,31190.12,77475.05,177629.75,260.57,280.3387714783306,274.9340589152229,72.97643708849363,99870.77907263947,111.51311347452892,54.538093191982824,301.08337454992864,166.05120666955312,204.5063720219225,2.8561213936385914
620,24.34,41.872047,-87.638977,103689.22,62617.72,166306.94,414615.57,250.09,280.27945545248,274.87701055051957,72.98777581152319,99865.01515408637,109.7271681227508,55.07287977409812,301.31341806167114,164.80004787403897,198.65880367208737,2.7875907966123177
643,13.18,41.874607,-87.636719,360.92,40.31,401.23,181.54,1988.13,280.2453078815582,274.86811424064337,73.11403172547945,99865.45893998565,109.88832703484854,55.1183579606319,301.19265936047987,165.00668500164744,199.77396465219232,2.7915422325335824
655,53.52,41.872925,-87.633301,32419.16,23308.77,55727.93,119167.37,272.05,280.27706879707716,274.89050278626326,73.0671696009969,99867.27745396817,110.35571771470795,54.824017197685215,301.1680218450199,165.1797348856133,201.0562860525472,2.8076255402128925
656,35.78,41.873775,-87.633301,7602.64,4519.49,12122.130000000001,19623.22,387.43,280.2666084885106,274.88600501575525,73.0969823137619,99867.09304082082,110.32525501875477,54.80433591484329,301.15795328402464,165.12959093380903,200.95092060931827,2.8070623095801297
671,74.59,41.873798,-87.629883,14580.39,11854.28,26434.67,46857.05,311.17,280.28578543790667,274.90154470207807,73.07879589287829,99868.62200587578,110.63346163212792,54.68207465054486,301.14366842709364,165.31553626020113,202.56342303117387,2.824585512756608
675,15.67,41.873798,-87.628723,7799.9,1014.7,8814.6,19644.48,397.05,280.293338198023,274.90695986145096,73.06810804126886,99869.12490957402,110.96697106792259,54.556532385950824,301.09811532267486,165.5235034481709,203.01373533868357,2.831184909689953
1449,30.61,41.875481,-87.633301,3787.81,1712.59,5500.4,4516.65,838.63,280.24637344415834,274.87580919781226,73.14717882803917,99866.78358048512,110.23043165113614,54.86364890656414,301.1366007486272,165.09408058118615,201.00451083990882,2.806599817479092
2726,9.2,41.875481,-87.633301,2750.46,439.47,3189.9300000000003,7364.05,373.5,280.24637344415834,274.87580919781226,73.14717882803917,99866.78358048512,110.23043165113614,54.86364890656414,301.1366007486272,165.09408058118615,201.00451083990882,2.806599817479092
1498,27.24,41.874657,-87.628754,7202.24,4035.42,11237.66,17981.29,400.54,280.2823955406355,274.9023382487545,73.09971357316051,99869.03756923699,110.96053044842442,54.41827111937143,301.07734660171474,165.3788015541944,202.930307374588,2.8306389591112606
1586,26.71,41.874657,-87.628754,7314.34,4436.8,11751.14,18288.3,399.95,280.2823955406355,274.9023382487545,73.09971357316051,99869.03756923699,110.96053044842442,54.41827111937143,301.07734660171474,165.3788015541944,202.930307374588,2.8306389591112606
1534,42.51,41.874649,-87.629883,12240.3,8116.18,20356.48,38326.57,319.37,280.2747534971698,274.89691406644346,73.11080220909011,99868.5310658542,110.60622543266884,54.5999430406353,301.129388729577,165.20616844259527,202.69241898209,2.824088370237391
1580,36.29,41.874649,-87.629883,9188.91,6134.79,15323.7,25880.84,355.05,280.2747534971698,274.89691406644346,73.11080220909011,99868.5310658542,110.60622543266884,54.5999430406353,301.129388729577,165.20616844259527,202.69241898209,2.824088370237391
1574,49.22,41.874638,-87.631042,9792.82,6556.41,16349.23,28472.35,343.94,280.26823012245467,274.89168648846834,73.11728224997887,99867.9882086472,110.3914046708203,54.70871341463193,301.15937088464176,165.10011806876733,201.9545913910197,2.8179806785925514
1623,38.41,41.874638,-87.631042,22685.22,14152.63,36837.85,81355.63,278.84,280.26823012245467,274.89168648846834,73.11728224997887,99867.9882086472,110.3914046708203,54.70871341463193,301.15937088464176,165.10011806876733,201.9545913910197,2.8179806785925514
1609,52.82,41.874664,-87.627625,13670.21,9435.1,23105.309999999998,44058.03,310.28,280.29178368927967,274.9082018770382,73.08209098238571,99869.56350585276,111.14334939735588,54.433432781743676,301.0630825861706,165.57678219557332,203.28064553383444,2.8377581428148995
1709,39.88,41.874664,-87.627625,21231.97,13616.92,34848.89,75127.34,282.61,280.29178368927967,274.9082018770382,73.08209098238571,99869.56350585276,111.14334939735588,54.433432781743676,301.0630825861706,165.57678219557332,203.28064553383444,2.8377581428148995
1697,13.73,41.875465,-87.63559,377.34,40.47,417.80999999999995,241.89,1560.01,280.23873429678144,274.86745627262013,73.14360992075694,99865.76087394408,109.94409890673329,55.043860945087395,301.17953698323083,164.98795985279222,199.79901243423166,2.7957949946777005
1700,17.49,41.874599,-87.637878,12644.61,2827.15,15471.76,40048.93,315.73,280.24380156648607,274.8650946273975,73.10646492836013,99864.96733956695,109.86124311865322,55.0930112320689,301.1844740466755,164.954254335347,199.3544396102053,2.787526889625749
3225,55.49,41.874599,-87.637878,27372.67,23032.94,50405.61,97337.06,281.22,280.24380156648607,274.8650946273975,73.10646492836013,99864.96733956695,109.86124311865322,55.0930112320689,301.1844740466755,164.954254335347,199.3544396102053,2.787526889625749
1755,26.26,41.875515,-87.626465,8059.34,4472.73,12532.07,21690.6,371.56,280.29158091834915,274.9099513737432,73.09185209415392,99869.97078314953,111.46893181921075,54.302003868589935,301.013626440019,165.77093569126464,203.7561455772153,2.8452545743009168
2251,30.13,41.875515,-87.626465,6142.33,3487.63,9629.96,13851.12,443.45,280.29158091834915,274.9099513737432,73.09185209415392,99869.97078314953,111.46893181921075,54.302003868589935,301.013626440019,165.77093569126464,203.7561455772153,2.8452545743009168
1779,28.02,41.874676,-87.625336,24884.15,17061.92,41946.07,90214.74,275.83,280.3153750685984,274.92316718188744,73.03896071610205,99870.62995829768,111.67944718116924,54.27030900016897,301.01877601241864,165.9497561719186,204.40636655765843,2.853792339908757
2248,5.51,41.875492,-87.629883,499.62,46.94,546.56,668.45,747.44,280.2638626437021,274.89229909968714,73.1421822746895,99868.36787093227,110.59599415426192,54.64928674102392,301.101339992988,165.24528085101818,202.4937191346201,2.8238104808228415
3296,24.53,41.875492,-87.629883,13954.09,2576.64,16530.73,40644.52,343.32,280.2638626437021,274.89229909968714,73.1421822746895,99868.36787093227,110.59599415426192,54.64928674102392,301.101339992988,165.24528085101818,202.4937191346201,2.8238104808228415
2861,16.94,41.876305,-87.636749,5004.31,885.24,5889.55,14018.56,356.98,280.2275240977869,274.86061061341576,73.16543223886968,99865.10742138217,109.93811431295931,55.081041505913724,301.15861313876,165.01915581997147,199.48935510796662,2.7915395507307603
2868,6.75,41.876369,-87.626495,1330.04,128.46,1458.5,2754.89,482.79,280.2807364680664,274.9048534237138,73.12058467339693,99869.87718693534,111.45928933627607,54.27412639080856,300.9881962098924,165.73341571762256,203.79336281152302,2.845494684717415
3283,8.17,41.876328,-87.633331,860.44,83.06,943.5,1638.39,525.18,280.2375739474952,274.87153199666267,73.16978971631329,99866.63500471038,110.25659143461193,54.82483309301347,301.11864342400975,165.08142453383454,200.8753798925824,2.8068465697811917
3363,17.47,41.876328,-87.633331,3706.41,529.99,4236.4,9498.55,390.21,280.2375739474952,274.87153199666267,73.16978971631329,99866.63500471038,110.25659143461193,54.82483309301347,301.11864342400975,165.08142453383454,200.8753798925824,2.8068465697811917
3346,141.68,41.87632,-87.63446,26649.74,22378.91,49028.65,96267.38,276.83,280.23334830915763,274.8668829422997,73.16767326586134,99866.07008446602,110.04909016085169,54.96793040571933,301.14816863516927,165.01702056690888,200.1054353352199,2.80136716752556
3353,28.73,41.87632,-87.63446,5530.27,2922.14,8452.41,11330.45,488.09,280.23334830915763,274.8668829422997,73.16767326586134,99866.07008446602,110.04909016085169,54.96793040571933,301.14816863516927,165.01702056690888,200.1054353352199,2.80136716752556
3372,39.43,41.875484,-87.632172,14711.37,9809.86,24521.230000000003,48280.9,304.7,280.2516494384983,274.88152926535423,73.1493988697728,99867.30850102047,110.33829125639951,54.80596422142433,301.14105257489217,165.14425548466647,201.49134093203514,2.8120514663766114
3375,11.93,41.876339,-87.631042,4530.87,761.92,5292.79,12591.04,359.85,280.24822544305977,274.88244530096273,73.17109892058791,99867.67513675186,110.53598080193464,54.74411651799449,301.1043051406185,165.2800973102559,201.74132720457058,2.8180439479175474
3416,54.5,41.875496,-87.628754,13583.47,10301.16,23884.629999999997,43130.38,314.94,280.2713519530711,274.89767264754556,73.13160377713947,99868.8717491352,110.90281642025008,54.44301627730842,301.05295421035765,165.34583269975528,202.9213319787529,2.83034131046718
3421,47.61,41.875496,-87.628754,32669.8,20564.43,53234.229999999996,121960.34,267.87,280.2713519530711,274.89767264754556,73.13160377713947,99868.8717491352,110.90281642025008,54.44301627730842,301.05295421035765,165.34583269975528,202.9213319787529,2.83034131046718
3476,38.81,41.875507,-87.627625,21351.15,13661.65,35012.8,75573.74,282.52,280.28061263136766,274.903323328842,73.11355351643155,99869.4375072582,111.11276849987324,54.420544876869144,301.0380859870747,165.53331337534834,203.32619976535432,2.8375020243727302
3518,47.46,41.875526,-87.625336,48064.5,31439.04,79503.54000000001,184934.75,259.9,280.3039613553265,274.91770574643084,73.06872154532398,99870.48013148435,111.7464843927517,54.20678547165669,300.9812195261468,165.9532698431612,204.4683850057448,2.8534466153586213
3553,9.89,41.877209,-87.626495,603.34,40.38,643.72,312.69,1929.51,280.27136304481706,274.9005085944919,73.14572761709043,99869.72013304206,111.41876522505696,54.355402578820616,300.96777898432856,165.77416782225194,203.45227843397822,2.846303622328294
3718,8.36,41.877209,-87.626495,505.2,40.82,546.02,411.92,1226.45,280.27136304481706,274.9005085944919,73.14572761709043,99869.72013304206,111.41876522505696,54.355402578820616,300.96777898432856,165.77416782225194,203.45227843397822,2.846303622328294
3684,9.43,41.877186,-87.632202,1038.93,44.59,1083.52,1246.94,833.18,280.23450380218793,274.87257288785173,73.1903450125877,99866.99043353414,110.41566629994934,54.765278763157866,301.07992015992215,165.18094507806023,201.2426269912564,2.813099670566867
3713,10.69,41.877193,-87.628784,2957.76,243.4,3201.1600000000003,6121.09,483.21,280.2527263270678,274.88822101305243,73.17747342181295,99868.60890969113,111.02440953387675,54.50287793545658,300.99575429441603,165.5272874905806,202.81878289541268,2.831354016727212
5178,33.98,41.877193,-87.628784,14177.45,10397.27,24574.72,46214.38,306.78,280.2527263270678,274.88822101305243,73.17747342181295,99868.60890969113,111.02440953387675,54.50287793545658,300.99575429441603,165.5272874905806,202.81878289541268,2.831354016727212
5187,54.32,41.877193,-87.628784,15228.01,11589.63,26817.64,49671.04,306.58,280.2527263270678,274.88822101305243,73.17747342181295,99868.60890969113,111.02440953387675,54.50287793545658,300.99575429441603,165.5272874905806,202.81878289541268,2.831354016727212
3932,46.8,41.877167,-87.63446,7550.53,5369.05,12919.58,19327.27,390.67,280.2255465460841,274.86294992654393,73.18701717166523,99865.91574947881,110.2024062678044,54.88967095378896,301.10882110733286,165.09207718416823,200.08333169907917,2.8017199065219263
5113,33.97,41.877167,-87.63446,24230.88,17449.46,41680.34,87173.04,277.96,280.2255465460841,274.86294992654393,73.18701717166523,99865.91574947881,110.2024062678044,54.88967095378896,301.10882110733286,165.09207718416823,200.08333169907917,2.8017199065219263
4958,129.83,41.877151,-87.636749,48912.15,40518.3,89430.45000000001,186219.86,262.66,280.2199427167781,274.85669847220584,73.18377863445134,99864.82708152893,109.92760802500645,55.075339925656856,301.14835906141764,165.00294798648295,199.442566358706,2.7918056611050077
5100,108.53,41.877151,-87.636749,17063.91,14469.34,31533.25,56739.87,300.74,280.2199427167781,274.85669847220584,73.18377863445134,99864.82708152893,109.92760802500645,55.075339925656856,301.14835906141764,165.00294798648295,199.442566358706,2.7918056611050077
5099,52.68,41.877205,-87.627625,24654.49,16486.03,41140.520000000004,88732.3,277.85,280.260935278407,274.8936196616961,73.16342150152072,99869.21138069867,111.187592227887,54.47517549273472,300.9822400330738,165.66276772881653,203.27975359905372,2.8383515012249707
5108,49.34,41.87801,-87.634491,8564.06,5717.44,14281.5,23463.31,365.0,280.21834151867006,274.8594850609107,73.20571730227253,99865.71145494377,110.23607158832459,54.89864274862712,301.0823025390299,165.13471430417346,200.27180503949458,2.8018372123848927
6229,63.09,41.87801,-87.634491,29632.88,20143.04,49775.92,109508.18,270.6,280.21834151867006,274.8594850609107,73.20571730227253,99865.71145494377,110.23607158832459,54.89864274862712,301.0823025390299,165.13471430417346,200.27180503949458,2.8018372123848927
5114,84.11,41.877178,-87.633331,58482.04,38376.07,96858.11,226759.69,257.9,280.2296423366983,274.8673639776127,73.1886082596097,99866.41442913337,110.34276840267816,54.803884391442146,301.0938691447584,165.14665278030742,200.82441058194638,2.8072815503083515
5152,72.49,41.877186,-87.631042,25212.22,18729.67,43941.89,90138.58,279.71,280.2399563269833,274.87776403970605,73.18903825686412,99867.51598701497,110.67645058836708,54.64823541332265,301.0587446198363,165.32468598204784,201.78649335207402,2.81900338168455
5153,59.84,41.87719,-87.629913,16452.87,13607.59,30060.46,54238.02,303.35,280.2459260483648,274.8829661271861,73.18519995074769,99868.03733888674,110.73741334451269,54.6619591582749,301.0490523893723,165.39937247942882,202.27151194432722,2.8250686156965426
5160,50.42,41.87719,-87.629913,18731.22,13109.06,31840.28,64306.58,291.28,280.2459260483648,274.8829661271861,73.18519995074769,99868.03733888674,110.73741334451269,54.6619591582749,301.0490523893723,165.39937247942882,202.27151194432722,2.8250686156965426
5160,50.42,41.87719,-87.629913,18731.22,13109.06,31840.28,64306.58,291.28,280.2459260483648,274.8829661271861,73.18519995074769,99868.03733888674,110.73741334451269,54.6619591582749,301.0490523893723,165.39937247942882,202.27151194432722,2.8250686156965426
5172,83.6,41.878029,-87.632202,19804.87,15653.15,35458.02,68877.34,287.54,280.22667835667824,274.8682108704911,73.207662176565,99866.81723917766,110.50755682182992,54.73323248534255,301.0590340474778,165.24078930125873,201.15303861007862,2.8134389110838915
6291,80.27,41.878029,-87.632202,37385.98,25842.96,63228.94,140929.95,265.28,280.22667835667824,274.8682108704911,73.207662176565,99866.81723917766,110.50755682182992,54.73323248534255,301.0590340474778,165.24078930125873,201.15303861007862,2.8134389110838915
5277,60.48,41.878067,-87.626495,12851.23,8986.05,21837.28,40999.55,313.45,280.2642074613499,274.89723178993813,73.16512142105263,99869.57040291996,111.52395613821068,54.34948541011239,300.9457817917545,165.87344155765874,203.47072072294498,2.847223157092164
7319,39.37,41.878067,-87.626495,23317.08,16723.05,40040.130000000005,83361.25,279.71,280.2642074613499,274.89723178993813,73.16512142105263,99869.57040291996,111.52395613821068,54.34948541011239,300.9457817917545,165.87344155765874,203.47072072294498,2.847223157092164
5347,94.92,41.877224,-87.625366,100716.17,72631.96,173348.13,398666.41,252.63,280.2843207843624,274.908820472417,73.12249815426206,99870.28093286886,111.62903989270927,54.28654986791404,300.9376203156625,165.91558976569254,204.28135538143115,2.8546413690969006
5845,10.05,41.878006,-87.63562,1291.33,126.29,1417.62,2680.74,481.71,280.21522643959617,274.8563683867115,73.20570949303026,99865.19859966311,110.07295030282171,54.99047552158484,301.11816127422526,165.06342580286415,199.89362429762608,2.796564067331251
5914,2.28,41.878853,-87.63678,203.98,40.84,244.82,134.91,1511.97,280.20608261274003,274.85057152673807,73.22244424330489,99864.46459063172,109.89187843342896,55.05177301317898,301.13431411945567,164.94365144643905,199.45194130311725,2.7912824913407115
7043,166.18,41.878853,-87.63678,87481.01,64208.56,151689.57,344360.91,254.04,280.20608261274003,274.85057152673807,73.22244424330489,99864.46459063172,109.89187843342896,55.05177301317898,301.13431411945567,164.94365144643905,199.45194130311725,2.7912824913407115
6077,141.54,41.878044,-87.629913,32259.61,25899.21,58158.82,119099.21,270.86,280.2382516796063,274.878585346794,73.20166826826892,99867.9009857824,110.7953128027372,54.61533164298388,301.01319269422163,165.41064443968108,202.48543695873101,2.8260190990538154
6213,53.63,41.877995,-87.637909,11026.66,7740.99,18767.65,33456.85,329.58,280.21168866684985,274.85108173587065,73.19696558376285,99864.10486913519,109.67249223641964,55.17474514349079,301.16849071141337,164.84723738671113,198.87087152052868,2.787083186153588
6281,21.89,41.878052,-87.628784,7128.7,1317.14,8445.84,20591.53,346.2,280.2453679675592,274.88407549890184,73.19353748665203,99868.4647335288,110.97047455220913,54.524728515502176,300.9786053703222,165.49520305968568,202.76346770313407,2.8323279259102834
7200,94.73,41.878052,-87.628784,37245.75,27487.6,64733.35,138949.92,268.05,280.2453679675592,274.88407549890184,73.19353748665203,99868.4647335288,110.97047455220913,54.524728515502176,300.9786053703222,165.49520305968568,202.76346770313407,2.8323279259102834
6343,70.98,41.878021,-87.633362,32455.17,22723.26,55178.42999999999,120810.32,268.65,280.2221606354229,274.8634051026869,73.20622243989195,99866.25245258537,110.32577242671287,54.85972086833658,301.08059935114517,165.1854932969503,200.77147856222007,2.8073735379741502
6823,11.45,41.878872,-87.633362,1369.26,45.05,1414.31,1744.27,785.0,280.21458663288865,274.8598985263161,73.22655941725101,99866.13407212394,110.29970428960058,54.88674839579286,301.06338588717546,165.1864526930811,200.68805276510082,2.80741973806708
6854,10.53,41.878872,-87.633362,1304.96,41.61,1346.57,1370.27,952.34,280.21458663288865,274.8598985263161,73.22655941725101,99866.13407212394,110.29970428960058,54.88674839579286,301.06338588717546,165.1864526930811,200.68805276510082,2.80741973806708
6855,15.02,41.878899,-87.628784,613.27,41.49,654.76,579.31,1058.62,280.23873763128324,274.8806808258006,73.2097160067162,99868.30295168252,111.05024739591968,54.445688265227616,300.9443805264004,165.4959356824364,202.7295152423333,2.83302840195996
7254,44.02,41.878899,-87.628784,12503.16,9496.0,21999.16,39508.94,316.46,280.23873763128324,274.8806808258006,73.2097160067162,99868.30295168252,111.05024739591968,54.445688265227616,300.9443805264004,165.4959356824364,202.7295152423333,2.83302840195996
7192,116.57,41.878845,-87.637909,24242.25,18783.44,43025.69,86599.51,279.94,280.20516412950883,274.8482768763621,73.21556365084048,99863.90086467119,109.59395429551435,55.22346273223798,301.15706998458217,164.81741699248101,199.14761551486882,2.7864084104925206
7196,11.51,41.878857,-87.63562,8789.94,2056.32,10846.26,28315.08,310.43,280.2082953125789,274.8531703796149,73.2243753282082,99865.01267542812,110.02377290914076,55.00430009208417,301.12905437898115,165.02807295894212,199.81990813884448,2.796299833952855
7236,88.59,41.878895,-87.631073,17713.06,13230.72,30943.78,60296.52,293.77,280.22461524406447,274.86954800937735,73.22466413504264,99867.20069023744,110.65682307358276,54.64628605208243,301.0172284890597,165.30310910661476,201.688512404452,2.8198184273886984
7240,9.46,41.878895,-87.631073,4733.77,967.4,5701.17,14235.17,332.54,280.22461524406447,274.86954800937735,73.22466413504264,99867.20069023744,110.65682307358276,54.64628605208243,301.0172284890597,165.30310910661476,201.688512404452,2.8198184273886984
7239,46.56,41.878883,-87.632202,13925.85,9132.87,23058.72,45468.04,306.28,280.2190727762101,274.86452529749914,73.22726286292975,99866.67328180514,110.55496751017999,54.687687915645846,301.0285601015883,165.2426554360479,201.1227195247948,2.8134306012080765
7297,44.64,41.878056,-87.627625,23013.01,15485.86,38498.869999999995,82099.27,280.31,280.2535894907917,274.8899880900146,73.18199344251072,99869.01044328658,111.26716662980492,54.417127123511065,300.9543168435838,165.6842937644671,203.20017547478244,2.8392492081186127
7336,49.8,41.878067,-87.625366,44880.81,33172.81,78053.62,171187.34,262.17,280.2774634181804,274.90605536440853,73.1429602057532,99870.15858312386,111.8084518902594,54.23133493161274,300.90233625754,166.03978682732097,204.0875688505111,2.8556284413702815
8063,94.58,41.879684,-87.637939,15690.42,12065.0,27755.42,52113.85,301.08,280.19979274284003,274.8457109752049,73.22959109187295,99863.66347740444,109.54218994580538,55.31683424060154,301.15241348192137,164.85902420119106,199.50612221876327,2.7858692976260877
8495,3.41,41.879684,-87.637939,243.94,40.42,284.36,139.96,1742.92,280.19979274284003,274.8457109752049,73.22959109187295,99863.66347740444,109.54218994580538,55.31683424060154,301.15241348192137,164.85902420119106,199.50612221876327,2.7858692976260877
8117,38.85,41.879761,-87.626526,8817.21,5585.34,14402.55,24590.49,358.56,280.25370364340625,274.8934322435586,73.19864287606656,99869.35658745843,111.43532608452313,54.39066301769879,300.91986799649396,165.82598907717332,203.2745582005997,2.849404390512797
8330,49.71,41.879704,-87.635651,16149.75,10865.43,27015.18,54489.63,296.38,280.2009868894146,274.84976730696155,73.24390257142852,99864.85245318232,110.01719731422659,55.04746452563987,301.10888485566414,165.0646618320095,200.00690557278008,2.7959374025090833
8340,10.44,41.878914,-87.626526,2207.48,44.67,2252.15,2521.97,875.3,280.2587045769197,274.89495464332174,73.18125062317318,99869.46597170393,111.5204944751205,54.33922465210783,300.93233639258284,165.85971914387105,203.2758654045788,2.8482215206133312
8547,10.02,41.878914,-87.626526,2370.62,50.17,2420.79,2985.71,793.99,280.2587045769197,274.89495464332174,73.18125062317318,99869.46597170393,111.5204944751205,54.33922465210783,300.93233639258284,165.85971914387105,203.2758654045788,2.8482215206133312
8398,34.21,41.879719,-87.633362,12264.66,7586.01,19850.67,38841.21,315.76,280.20727823460334,274.8566926307344,73.24707183876828,99865.91900396787,110.48114335169385,54.751586006209365,301.0214140179102,165.23272934518891,200.68389082989776,2.8075544088029054
8402,158.01,41.879719,-87.633362,31227.26,25246.74,56474.0,114271.93,273.27,280.20727823460334,274.8566926307344,73.24707183876828,99865.91900396787,110.48114335169385,54.751586006209365,301.0214140179102,165.23272934518891,200.68389082989776,2.8075544088029054
9225,43.86,41.879719,-87.633362,23151.0,15104.19,38255.19,83256.51,278.07,280.20727823460334,274.8566926307344,73.24707183876828,99865.91900396787,110.48114335169385,54.751586006209365,301.0214140179102,165.23272934518891,200.68389082989776,2.8075544088029054
8403,117.64,41.8797,-87.63678,20834.19,17023.34,37857.53,72397.38,287.78,280.19962896570075,274.84748175737116,73.23926403987505,99864.2576966683,109.81269757142874,55.138970046253384,301.12774887893886,164.95166764788368,199.74569371035733,2.7907181909267558
9170,72.33,41.8797,-87.63678,19611.73,13866.29,33478.020000000004,68363.9,286.87,280.19962896570075,274.84748175737116,73.23926403987505,99864.2576966683,109.81269757142874,55.138970046253384,301.12774887893886,164.95166764788368,199.74569371035733,2.7907181909267558
9182,120.41,41.8797,-87.63678,53458.92,38790.95,92249.87,205939.86,259.59,280.19962896570075,274.84748175737116,73.23926403987505,99864.2576966683,109.81269757142874,55.138970046253384,301.12774887893886,164.95166764788368,199.74569371035733,2.7907181909267558
8440,91.13,41.879723,-87.632202,46899.25,32192.35,79091.6,179723.14,260.95,280.2121682099773,274.86145272645103,73.24642179196593,99866.50162031523,110.74500812853792,54.57400794124357,300.99323422387425,165.3190160620933,201.23463403138462,2.81356678685478
8472,60.74,41.87973,-87.631073,33495.38,22400.94,55896.31999999999,125306.64,267.31,280.2182468114808,274.8664950961389,73.2412416396468,99867.0594045664,110.83078446734815,54.54823348149875,300.9826201141762,165.37901793465403,201.81552832761682,2.8199826955309586
9253,33.33,41.87973,-87.631073,11382.74,6946.9,18329.64,35258.34,322.84,280.2182468114808,274.8664950961389,73.2412416396468,99867.0594045664,110.83078446734815,54.54823348149875,300.9826201141762,165.37901793465403,201.81552832761682,2.8199826955309586
8487,96.6,41.879745,-87.628784,55428.54,38492.58,93921.12,214475.04,258.44,280.23281082389985,274.87803813276145,73.22613611434481,99868.18840915976,111.06232088489485,54.494951232786995,300.9305631156119,165.55727210813558,202.43971325289363,2.8336893846836166
9256,25.97,41.879745,-87.628784,8080.56,4571.57,12652.130000000001,21696.94,372.43,280.23281082389985,274.87803813276145,73.22613611434481,99868.18840915976,111.06232088489485,54.494951232786995,300.9305631156119,165.55727210813558,202.43971325289363,2.8336893846836166
9257,96.17,41.879745,-87.628784,32499.72,23167.68,55667.4,120683.73,269.3,280.23281082389985,274.87803813276145,73.22613611434481,99868.18840915976,111.06232088489485,54.494951232786995,300.9305631156119,165.55727210813558,202.43971325289363,2.8336893846836166
9193,135.97,41.879715,-87.634491,113547.33,75433.94,188981.27000000002,451433.65,251.53,280.20354144935385,274.8527093477232,73.24583943456963,99865.38264320733,110.18001205406759,54.95235298107627,301.07263836529563,165.13236506281137,200.16091782259014,2.8017445401284102
9208,41.32,41.880566,-87.634521,6645.97,3982.9,10628.87,15686.07,423.69,280.19654356766915,274.8496669230806,73.26561679673901,99865.18489924367,110.33950533462885,54.84223771796055,301.03325139228696,165.18174303168047,200.1572171560361,2.8020045268226768
9620,79.75,41.880566,-87.634521,21586.47,15427.74,37014.21,76241.89,283.13,280.19654356766915,274.8496669230806,73.26561679673901,99865.18489924367,110.33950533462885,54.84223771796055,301.03325139228696,165.18174303168047,200.1572171560361,2.8020045268226768
9259,109.45,41.879738,-87.629944,22268.01,16941.4,39209.41,78638.04,283.17,280.22502466182317,274.871904198234,73.23439806040382,99867.63056187409,110.87286541961645,54.59529977295771,300.9615405877754,165.46816518087334,202.4095520234433,2.8268650939427213
9307,58.78,41.879757,-87.627655,52694.04,34148.27,86842.31,203684.76,258.7,280.2421977025007,274.88527232723646,73.21537295556303,99868.75058806762,111.3433296951508,54.355750687125074,300.9191942952604,165.69908035034211,202.78772528174375,2.841141232406857
9321,16.03,41.878918,-87.624237,13774.75,2699.32,16474.07,41400.67,332.72,280.28664178723494,274.9135782148771,73.13468194627019,99870.63316032397,112.00654027806873,54.174580759609654,300.8678154608852,166.18112101900817,204.4548711164145,2.8654547663681704
9325,67.37,41.879772,-87.625366,39552.85,26561.98,66114.83,149309.94,264.9,280.2668087233249,274.90243107721517,73.17811195906906,99869.93626182953,111.67078548783476,54.33339744643921,300.8948240597703,166.00418291328003,203.7250474388361,2.858023169341895
329702,112.41,41.879772,-87.625366,57734.03,41176.18,98910.20999999999,222535.19,259.44,280.2668087233249,274.90243107721517,73.17811195906906,99869.93626182953,111.67078548783476,54.33339744643921,300.8948240597703,166.00418291328003,203.7250474388361,2.858023169341895
9420,3.48,41.880581,-87.629944,275.39,40.55,315.94,189.07,1456.5,280.2195233848108,274.86972901731804,73.25102807784906,99867.45092057847,111.05859850029577,54.5326855147841,300.94307680087866,165.59128403231378,202.19699995687245,2.827399681718338
9567,4.8,41.880581,-87.629944,511.14,54.54,565.68,800.43,638.58,280.2195233848108,274.86972901731804,73.25102807784906,99867.45092057847,111.05859850029577,54.5326855147841,300.94307680087866,165.59128403231378,202.19699995687245,2.827399681718338
9535,6.34,41.880581,-87.631104,1002.64,99.09,1101.73,1996.72,502.14,280.2127021637237,274.86426310458734,73.25780469443275,99866.85238915784,111.06627919582668,54.4141458801216,300.95376515109416,165.4804250779757,201.7367448746304,2.8206292587648902
9601,123.25,41.880547,-87.63678,54282.21,38434.36,92716.57,209583.13,259.0,280.19368797672564,274.84464523502584,73.25478608743772,99863.98665861986,109.79387428305327,55.13675051089805,301.10323284307685,164.93062473958776,199.77372201955725,2.7908082452901954
9604,36.85,41.880592,-87.628815,4692.32,2806.33,7498.65,7713.67,608.31,280.2273255762018,274.8761953747148,73.24434941910948,99868.00954666773,111.13279239803173,54.52324378660136,300.9210449083801,165.65603616613134,202.53869499509997,2.8346050874376916
9625,62.4,41.880592,-87.628815,7953.45,5971.01,13924.46,20465.59,388.63,280.2273255762018,274.8761953747148,73.24434941910948,99868.00954666773,111.13279239803173,54.52324378660136,300.9210449083801,165.65603616613134,202.53869499509997,2.8346050874376916
9655,43.73,41.880592,-87.628815,8187.78,5419.9,13607.68,21747.44,376.49,280.2273255762018,274.8761953747148,73.24434941910948,99868.00954666773,111.13279239803173,54.52324378660136,300.9210449083801,165.65603616613134,202.53869499509997,2.8346050874376916
10182,38.32,41.880592,-87.628815,18216.7,11887.91,30104.61,62671.56,290.67,280.2273255762018,274.8761953747148,73.24434941910948,99868.00954666773,111.13279239803173,54.52324378660136,300.9210449083801,165.65603616613134,202.53869499509997,2.8346050874376916
9608,53.99,41.880577,-87.632233,22594.9,17496.16,40091.06,80476.08,280.77,280.20637761050125,274.85906449771886,73.26343427578779,99866.36712182882,110.87918298504688,54.479917907789115,300.9681099656163,165.35910091306937,201.1807717167358,2.814095447579621
9610,95.8,41.880562,-87.635651,20057.34,15136.71,35194.05,69696.39,287.78,280.1940697623562,274.84664094479166,73.26285626721291,99864.59915281992,110.10247044584793,54.957915922699925,301.0667522070623,165.06038636128235,199.9407397672551,2.7962632333783914
9623,54.18,41.880569,-87.633362,21308.63,14154.91,35463.54,75559.13,282.01,280.2008871550641,274.8540158268982,73.26564354160685,99865.77494165649,110.6618699205457,54.639264761468276,300.98685310293985,165.30113469227845,200.58668058811335,2.807936676227086
9776,106.63,41.881428,-87.631104,14405.62,12015.66,26421.28,46534.27,309.57,280.2077105994761,274.8626350514483,73.27462255068849,99866.70194391684,111.06622092130621,54.463903549167775,300.93931283027825,165.53012446075857,201.55378397571187,2.8216447985553788
10151,45.31,41.881428,-87.631104,8987.59,6002.86,14990.45,25331.57,354.8,280.2077105994761,274.8626350514483,73.27462255068849,99866.70194391684,111.06622092130621,54.463903549167775,300.93931283027825,165.53012446075857,201.55378397571187,2.8216447985553788
10157,171.1,41.881428,-87.631104,72611.49,54597.33,127208.82,283570.83,256.06,280.2077105994761,274.8626350514483,73.27462255068849,99866.70194391684,111.06622092130621,54.463903549167775,300.93931283027825,165.53012446075857,201.55378397571187,2.8216447985553788
9923,78.23,41.880615,-87.625397,34513.83,23603.0,58116.83,128864.61,267.83,280.26235470664,274.9011609493536,73.19403139330069,99869.78929812775,111.65612010365787,54.36689813837964,300.87346404164884,166.02301825884922,203.8411320974066,2.8597044221086425
10279,51.39,41.880615,-87.625397,30121.29,21104.69,51225.979999999996,110945.16,271.5,280.26235470664,274.9011609493536,73.19403139330069,99869.78929812775,111.65612010365787,54.36689813837964,300.87346404164884,166.02301825884922,203.8411320974066,2.8597044221086425
10102,125.31,41.880543,-87.637939,81218.16,54278.46,135496.62,318953.75,254.64,280.19510969156045,274.8432194834844,73.24054873215363,99863.40714232584,109.50772276822687,55.308820792177094,301.1394314544226,164.8165435384811,199.5931641506717,2.7859929929458467
10105,123.32,41.881393,-87.63678,37497.9,27873.98,65371.880000000005,140599.95,266.7,280.1887783635213,274.84205038295147,73.26636040808472,99863.76667935944,109.66830013947788,55.173527124947206,301.07581738628863,164.84182727718152,199.708406904452,2.791435284024665
10108,30.27,41.881397,-87.635651,16869.81,10622.87,27492.68,57755.42,292.09,280.18861571669316,274.84415171783377,73.27768050042239,99864.3547698048,109.94756857839829,55.01925632119618,301.0446717250573,164.96682490390288,199.9091180303709,2.7970418908929635
10119,106.4,41.881397,-87.635651,14518.16,12130.47,26648.629999999997,46754.14,310.52,280.18861571669316,274.84415171783377,73.27768050042239,99864.3547698048,109.94756857839829,55.01925632119618,301.0446717250573,164.96682490390288,199.9091180303709,2.7970418908929635
10121,155.9,41.881416,-87.633362,34904.08,28358.64,63262.72,129451.4,269.63,280.19561681562055,274.85199536309864,73.28189233914838,99865.5346496948,110.6423794245161,54.64596770575322,300.97354617660733,165.28834712701706,200.6418742670017,2.808582705415223
10141,129.14,41.881416,-87.633362,27504.3,21696.3,49200.6,99586.96,276.18,280.19561681562055,274.85199536309864,73.28189233914838,99865.5346496948,110.6423794245161,54.64596770575322,300.97354617660733,165.28834712701706,200.6418742670017,2.808582705415223
10153,71.72,41.881424,-87.632233,23343.77,16138.29,39482.06,83576.04,279.31,280.2013789721636,274.8571790130524,73.2789998927937,99866.10742533824,110.8553033880205,54.55185253239835,300.96076167500206,165.4071559058037,201.1775713960464,2.8150770374250222
10183,117.11,41.881443,-87.628815,28953.65,21862.98,50816.630000000005,105737.46,273.83,280.2230959667569,274.8749220780605,73.25913063749266,99867.86199390962,111.33408843748406,54.42167689659542,300.87887022003093,165.75576534506237,202.5140897397144,2.8357194398496244
10231,50.16,41.880604,-87.627686,51789.75,33718.83,85508.58,200254.52,258.62,280.23713621673613,274.88371555744686,73.23289633412183,99868.62062085453,111.34282807033036,54.415839308693094,300.90597973857393,165.7586673903859,202.8463657255216,2.8426985144039865
10250,79.17,41.881462,-87.626526,12896.09,10013.21,22909.3,40985.16,314.65,280.2455216837877,274.8911975344258,73.22837885764973,99869.07166914798,111.6091516682859,54.35555511388024,300.87608077760405,165.96470679086724,203.1621845325673,2.852441508152406
10858,11.18,41.881462,-87.626526,2245.14,58.92,2304.06,3192.38,703.28,280.2455216837877,274.8911975344258,73.22837885764973,99869.07166914798,111.6091516682859,54.35555511388024,300.87608077760405,165.96470679086724,203.1621845325673,2.852441508152406
10951,102.52,41.882275,-87.632263,16955.46,13332.39,30287.85,56931.09,297.82,280.1971820469713,274.85547180096285,73.29144862199043,99865.87899699881,110.62322566558242,54.71211695062085,300.96593078368716,165.33534261003632,201.18323478360242,2.816447053729831
10955,60.44,41.882275,-87.632263,19759.55,13510.03,33269.58,69136.61,285.8,280.1971820469713,274.85547180096285,73.29144862199043,99865.87899699881,110.62322566558242,54.71211695062085,300.96593078368716,165.33534261003632,201.18323478360242,2.816447053729831
11632,76.62,41.882275,-87.632263,37601.06,26195.15,63796.21,141825.49,265.12,280.1971820469713,274.85547180096285,73.29144862199043,99865.87899699881,110.62322566558242,54.71211695062085,300.96593078368716,165.33534261003632,201.18323478360242,2.816447053729831
10952,114.96,41.882286,-87.631104,49690.93,35764.63,85455.56,190733.77,260.53,280.2036083906815,274.8613036498269,73.28847650156294,99866.55129242301,110.90040245100106,54.605534785418605,300.92452738337437,165.50593723185744,201.71477285122918,2.8231266644842465
11640,79.5,41.882286,-87.631104,12107.98,9371.2,21479.18,37398.57,323.76,280.2036083906815,274.8613036498269,73.28847650156294,99866.55129242301,110.90040245100106,54.605534785418605,300.92452738337437,165.50593723185744,201.71477285122918,2.8231266644842465
10953,80.56,41.88229,-87.628845,33984.24,23991.92,57976.159999999996,127012.85,267.57,280.22013395252117,274.87459982888413,73.272329334671,99867.67900240842,111.4165568085664,54.398540074638824,300.8459413473431,165.81509689042826,202.49920058769143,2.8376076402382377
11619,46.25,41.88229,-87.628845,23744.18,16189.23,39933.41,85582.76,277.44,280.22013395252117,274.87459982888413,73.272329334671,99867.67900240842,111.4165568085664,54.398540074638824,300.8459413473431,165.81509689042826,202.49920058769143,2.8376076402382377
10954,147.32,41.882271,-87.634521,32896.9,26542.9,59439.8,121372.19,271.04,280.1874737219308,274.8456937634532,73.29110029944245,99864.77349129398,110.13665975859604,54.90959732444878,301.01799339849634,165.04625706876732,200.42905992400958,2.803660147799276
10957,137.72,41.882256,-87.635681,24398.27,19949.86,44348.130000000005,86718.57,281.35,280.1851887637917,274.8423240528429,73.28567648825701,99864.18021055344,109.89188406885185,55.03493403138474,301.0344338224212,164.9268180864239,200.0604865722311,2.7976174049590266
11634,112.93,41.882256,-87.635681,20525.32,16261.46,36786.78,71381.0,287.55,280.1851887637917,274.8423240528429,73.28567648825701,99864.18021055344,109.89188406885185,55.03493403138474,301.0344338224212,164.9268180864239,200.0604865722311,2.7976174049590266
10967,148.39,41.882244,-87.63681,51001.05,39070.78,90071.83,195468.37,260.92,280.1850514450873,274.84010326488993,73.27525923401203,99863.56729395443,109.59606012389106,55.175514694305974,301.06003024398046,164.77157482888398,199.94061950713868,2.792097623806706
11678,37.59,41.882244,-87.63681,6916.0,4285.57,11201.57,16613.54,416.29,280.1850514450873,274.84010326488993,73.27525923401203,99863.56729395443,109.59606012389106,55.175514694305974,301.06003024398046,164.77157482888398,199.94061950713868,2.792097623806706
11682,67.91,41.882244,-87.63681,21145.1,15533.49,36678.59,74513.09,283.78,280.1850514450873,274.84010326488993,73.27525923401203,99863.56729395443,109.59606012389106,55.175514694305974,301.06003024398046,164.77157482888398,199.94061950713868,2.792097623806706
11140,5.01,41.88229,-87.629974,304.32,41.73,346.05,280.99,1083.03,280.2111327750692,274.8676669305145,73.28267074735999,99867.12640812858,111.10949201647362,54.54239455482807,300.8868295685138,165.65188658790228,202.09553523663104,2.8300831924051715
11608,110.35,41.88229,-87.629974,27409.08,20910.2,48319.28,99566.99,275.28,280.2111327750692,274.8676669305145,73.28267074735999,99867.12640812858,111.10949201647362,54.54239455482807,300.8868295685138,165.65188658790228,202.09553523663104,2.8300831924051715
11484,11.57,41.882275,-87.633392,2144.17,64.14,2208.31,3221.58,665.56,280.1917066505872,274.85025402627383,73.29273676476286,99865.33324236136,110.34479662148328,54.83776932558928,300.98333077781535,165.18256592189763,200.88124166089386,2.809764971783391
11550,145.67,41.882275,-87.633392,33594.2,26145.92,59740.119999999995,124467.94,269.9,280.1917066505872,274.85025402627383,73.29273676476286,99865.33324236136,110.34479662148328,54.83776932558928,300.98333077781535,165.18256592189763,200.88124166089386,2.809764971783391
11637,54.81,41.882275,-87.633392,37462.79,27486.57,64949.36,140876.45,265.93,280.1917066505872,274.85025402627383,73.29273676476286,99865.33324236136,110.34479662148328,54.83776932558928,300.98333077781535,165.18256592189763,200.88124166089386,2.809764971783391
11581,54.52,41.882305,-87.625397,26612.79,17626.49,44239.28,96930.51,274.56,280.2568469319508,274.9000689640959,73.21611018974403,99869.58457821175,111.63485493262638,54.51601935152485,300.8642385095465,166.1508742758721,204.0970084436935,2.8637917738447203
11586,57.52,41.882305,-87.625397,27137.02,18124.68,45261.7,98999.61,274.11,280.2568469319508,274.9000689640959,73.21611018974403,99869.58457821175,111.63485493262638,54.51601935152485,300.8642385095465,166.1508742758721,204.0970084436935,2.8637917738447203
11606,64.66,41.882294,-87.627686,57765.52,38830.46,96595.98,224363.03,257.46,280.2308998075102,274.8820995914086,73.25599889807394,99868.31110276496,111.57287041877156,54.36951894137026,300.84502941885694,165.9423893922449,202.849753693968,2.8457330995607006
11677,86.31,41.88224,-87.637939,53984.22,36206.87,90191.09,208116.18,259.39,280.18657896118094,274.83860642455846,73.26013745860445,99862.90363703457,109.41762787201158,55.28356589676444,301.08923299058046,164.70119376277736,199.7740419729238,2.7875864657852456
11851,5.99,41.883156,-87.626556,252.2,40.35,292.55,122.03,2066.75,280.24144113563403,274.89032290221337,73.24440862186363,99868.7791459004,111.51251827342249,54.51987347976686,300.84880318256336,166.03239174174186,203.1887220486187,2.8573972912055403
13206,92.04,41.883156,-87.626556,46310.76,32351.99,78662.75,176447.4,262.46,280.24144113563403,274.89032290221337,73.24440862186363,99868.7791459004,111.51251827342249,54.51987347976686,300.84880318256336,166.03239174174186,203.1887220486187,2.8573972912055403
11967,4.22,41.883133,-87.629974,281.51,40.32,321.83,148.19,1899.64,280.2084645651769,274.86678564572946,73.29160589659546,99866.91356287684,110.86936586322538,54.727744656331815,300.8882048158736,165.5971105160514,202.20543090424096,2.8328855159668844
12017,2.79,41.883133,-87.629974,250.02,40.96,290.98,193.29,1293.51,280.2084645651769,274.86678564572946,73.29160589659546,99866.91356287684,110.86936586322538,54.727744656331815,300.8882048158736,165.5971105160514,202.20543090424096,2.8328855159668844
12377,3.39,41.883133,-87.629974,260.05,40.33,300.38,139.38,1865.71,280.2084645651769,274.86678564572946,73.29160589659546,99866.91356287684,110.86936586322538,54.727744656331815,300.8882048158736,165.5971105160514,202.20543090424096,2.8328855159668844
12571,65.67,41.883114,-87.633392,29283.26,24911.35,54194.61,107374.93,272.72,280.18896625301966,274.84891865717634,73.29976166186546,99865.06873574227,110.22758780345528,54.91483615176985,300.98345136559084,165.14242398880626,201.1145413816,2.8118973970178236
12579,3.13,41.883991,-87.629974,648.08,45.36,693.44,822.41,788.03,280.2063802698321,274.8663220002111,73.29970890187553,99866.63394012123,110.64125201706513,54.902545916786366,300.8968042729999,165.54379791991212,202.2947079965784,2.836438437357436
12584,2.82,41.883984,-87.631134,449.47,46.99,496.46000000000004,600.72,748.22,280.19799235752356,274.8595493119456,73.30778466659628,99865.98889703653,110.36691416592043,54.983110056095235,300.93376325580743,165.35002421977717,201.96094357873608,2.828577599983107
13129,177.85,41.883984,-87.631134,58653.76,45019.2,103672.95999999999,226461.59,259.0,280.19799235752356,274.8595493119456,73.30778466659628,99865.98889703653,110.36691416592043,54.983110056095235,300.93376325580743,165.35002421977717,201.96094357873608,2.828577599983107
12593,56.73,41.883095,-87.635681,29143.34,19733.74,48877.08,107576.88,270.91,280.18334783238976,274.84140679509187,73.29029483682515,99863.84431595623,109.9465865434656,55.02074844665035,301.0239719504098,164.967334961519,200.2700555373406,2.7992640906902104
12604,87.59,41.883095,-87.63681,21715.48,15776.72,37492.2,76629.56,283.38,280.182842622835,274.83921140766245,73.28184412562294,99863.20263659996,109.58418430928444,55.22760829293746,301.0539589745713,164.8117925851142,200.06728930459568,2.79365608186196
13173,123.43,41.883953,-87.635681,31826.4,24239.95,56066.350000000006,117565.58,270.71,280.18286046105413,274.84166571627117,73.29402604304296,99863.34880961078,109.93213107180873,55.0735162521331,301.04094875192163,165.00564731460688,200.67393412587643,2.802360631029824
13200,51.61,41.883118,-87.632263,50423.41,30725.37,81148.78,194906.56,258.71,280.1940170782292,274.854273880122,73.30128382947532,99865.70618149203,110.41513631980213,54.8651031939681,300.9612981867453,165.28023947942904,201.48508053446818,2.8185072197347294
13202,24.74,41.883163,-87.625427,14776.72,3041.25,17817.97,45381.44,325.61,280.25472873168843,274.89980479678087,73.22538035372133,99869.44071390171,111.53262824461432,54.54951749860604,300.85466364577184,166.082145719946,203.90986720203603,2.8668495082791203
13227,56.09,41.883957,-87.634552,9555.86,6713.24,16269.1,27380.62,349.0,280.1844597109905,274.8444320012247,73.29986167390389,99864.00965062184,110.13402896232141,54.94100961219061,301.0006419483401,165.07503860141918,200.93820282985558,2.808631198276591
13231,112.47,41.883942,-87.636841,21554.83,17080.8,38635.630000000005,75503.21,285.48,280.1824319575059,274.83966212000496,73.286151143364,99862.66140135258,109.6651782395454,55.243037363774604,301.07063868860354,164.90821559030994,200.27785720309197,2.797022917335469
13244,33.96,41.883144,-87.628845,37348.31,23479.84,60828.149999999994,141519.49,263.91,280.21809068653334,274.8740131408297,73.27961217453745,99867.53154271221,111.22383815485348,54.580073609107,300.8434134814565,165.8039117457126,202.68986738050168,2.840705549379064
13255,62.17,41.883148,-87.627686,68003.03,42229.2,110232.23,266788.33,254.9,280.229104155276,274.8816566336903,73.26276252673833,99868.1459436673,111.47434437260286,54.4849687003464,300.8292645095883,165.95931306872498,202.8997701500803,2.84870615455774
13263,44.73,41.883965,-87.633423,22527.45,14938.48,37465.93,80739.09,279.02,280.18731863918254,274.84837765709227,73.30529489254035,99864.6709335018,110.17082703873415,54.946615837543256,300.9707559003972,165.11744286935013,201.3776408483991,2.8149218513559204
13565,4.33,41.884865,-87.624298,291.42,40.32,331.74,153.58,1897.59,280.2664898046802,274.91101968649144,73.2226490058714,99870.15604243004,111.48285171018844,54.61342504422574,300.82703643055663,166.09627670769606,204.3057255711749,2.8843303289262474
13767,8.74,41.8848,-87.635681,1231.85,138.37,1370.2199999999998,2684.71,458.84,280.18364564357523,274.8430612020358,73.29707798111862,99862.61519263248,109.8997773486103,55.15925405089972,301.0433968673225,165.05903140386067,200.74426538873848,2.8063739763453595
14054,22.4,41.8848,-87.635681,2771.06,296.58,3067.64,6329.02,437.83,280.18364564357523,274.8430612020358,73.29707798111862,99862.61519263248,109.8997773486103,55.15925405089972,301.0433968673225,165.05903140386067,200.74426538873848,2.8063739763453595
14718,13.32,41.8848,-87.635681,9188.29,1828.91,11017.2,27335.64,336.13,280.18364564357523,274.8430612020358,73.29707798111862,99862.61519263248,109.8997773486103,55.15925405089972,301.0433968673225,165.05903140386067,200.74426538873848,2.8063739763453595
14720,36.54,41.8848,-87.635681,12154.24,7564.27,19718.510000000002,38374.67,316.73,280.18364564357523,274.8430612020358,73.29707798111862,99862.61519263248,109.8997773486103,55.15925405089972,301.0433968673225,165.05903140386067,200.74426538873848,2.8063739763453595
13909,134.7,41.884861,-87.625427,21866.83,18421.73,40288.56,76722.15,285.01,280.2518068435836,274.9003415479848,73.24267413783053,99869.38574688695,111.4491511888569,54.599342304891465,300.8278716242712,166.04849348154073,203.81104347212133,2.874345643744189
14669,35.44,41.884861,-87.625427,11435.59,7456.64,18892.23,35461.75,322.48,280.2518068435836,274.9003415479848,73.24267413783053,99869.38574688695,111.4491511888569,54.599342304891465,300.8278716242712,166.04849348154073,203.81104347212133,2.874345643744189
13987,16.15,41.884857,-87.626587,6751.84,1319.65,8071.49,19972.67,338.05,280.2381362588915,274.8902389858501,73.26051354882993,99868.64039367164,111.4238261834502,54.60989984501981,300.82201624452966,166.03372599869041,203.3418594621526,2.865029345104336
14004,75.17,41.884811,-87.633423,16894.33,12092.73,28987.06,57234.8,295.18,280.18689429268403,274.84885735165176,73.30981557485005,99864.16450503518,110.17009363402872,54.93946917491765,300.94215713791493,165.1095628173526,201.4859210732872,2.818232959111262
14389,8.46,41.884811,-87.633423,1191.62,43.5,1235.12,1464.03,813.93,280.18689429268403,274.84885735165176,73.30981557485005,99864.16450503518,110.17009363402872,54.93946917491765,300.94215713791493,165.1095628173526,201.4859210732872,2.818232959111262
14398,9.67,41.884811,-87.633423,1255.85,40.95,1296.8,1215.48,1033.21,280.18689429268403,274.84885735165176,73.30981557485005,99864.16450503518,110.17009363402872,54.93946917491765,300.94215713791493,165.1095628173526,201.4859210732872,2.818232959111262
14705,66.31,41.884811,-87.633423,42694.04,30650.17,73344.20999999999,161962.39,263.6,280.18689429268403,274.84885735165176,73.30981557485005,99864.16450503518,110.17009363402872,54.93946917491765,300.94215713791493,165.1095628173526,201.4859210732872,2.818232959111262
14037,51.18,41.884846,-87.628845,27321.06,18122.93,45443.990000000005,100286.42,272.43,280.2148450563487,274.87354487382817,73.29349872357858,99867.07968855512,110.877955417758,54.934369532440726,300.85425328186983,165.81232496063186,202.78158655584198,2.847862822801385
14713,34.36,41.884846,-87.628845,19350.3,12189.02,31539.32,67912.77,284.93,280.2148450563487,274.87354487382817,73.29349872357858,99867.07968855512,110.877955417758,54.934369532440726,300.85425328186983,165.81232496063186,202.78158655584198,2.847862822801385
14056,18.29,41.884804,-87.634552,5632.08,1024.66,6656.74,16107.7,349.65,280.1846769899892,274.8453596678216,73.30341363968907,99863.41297447939,110.06122772260721,55.005884219565786,300.9961151223281,165.06711197017808,201.14583089427208,2.8121683829517603
14058,138.96,41.8848,-87.636841,45713.0,33829.61,79542.61,174058.1,262.63,280.18365238992163,274.84115330370884,73.2875043538903,99861.86098211838,109.78466353683359,55.28947728123679,301.06457799328393,165.07414082073146,200.45530973519482,2.8015205278364457
14701,139.41,41.8848,-87.636841,30199.29,23538.72,53738.01,110533.48,273.21,280.18365238992163,274.84115330370884,73.2875043538903,99861.86098211838,109.78466353683359,55.28947728123679,301.06457799328393,165.07414082073146,200.45530973519482,2.8015205278364457
14256,2.92,41.8857,-87.626587,238.76,40.53,279.28999999999996,148.11,1612.03,280.2377156951085,274.8915025628116,73.26893443917383,99868.52688471544,111.27856405723591,54.728574285291884,300.8266486060237,166.00713835900137,203.3314658244912,2.8690453602264063
15419,54.6,41.8857,-87.626587,14985.45,10174.27,25159.72,49787.81,300.99,280.2377156951085,274.8915025628116,73.26893443917383,99868.52688471544,111.27856405723591,54.728574285291884,300.8266486060237,166.00713835900137,203.3314658244912,2.8690453602264063
14692,30.56,41.88485,-87.627716,17373.19,10982.88,28356.07,59865.44,290.2,280.2257549997889,274.8813541495311,73.27799546971359,99867.81152384751,111.2483405112361,54.725170863309906,300.83129372277625,165.9735113753484,202.9823493381346,2.8562825775534333
14697,49.88,41.884823,-87.631134,49882.49,32170.84,82053.33,192558.26,259.05,280.1967413301511,274.85989591644835,73.31577317229879,99865.6093410124,110.25002338029093,55.073704634578036,300.9290550967309,165.32372801262986,201.93209789617302,2.831933190842274
14714,56.4,41.884789,-87.63797,13924.9,11023.4,24948.3,44285.61,314.43,280.1846157961899,274.83991927502734,73.27651778263073,99861.11291989619,109.71479007138636,55.35124089207574,301.07215704114236,165.06603094694609,199.88748287898116,2.7974962023316743
14794,10.15,41.885689,-87.627716,649.12,41.8,690.92,641.13,1012.45,280.2251656175554,274.8823504236717,73.28592421010394,99867.64984760409,111.11222316663851,54.818116223240644,300.8429526415054,165.9303393849789,202.98746077392914,2.8601922156796515
14944,9.57,41.885689,-87.627716,614.19,43.07,657.2600000000001,677.54,906.5,280.2251656175554,274.8823504236717,73.28592421010394,99867.64984760409,111.11222316663851,54.818116223240644,300.8429526415054,165.9303393849789,202.98746077392914,2.8601922156796515
15400,43.24,41.885689,-87.627716,18373.82,12837.6,31211.42,63638.39,288.72,280.2251656175554,274.8823504236717,73.28592421010394,99867.64984760409,111.11222316663851,54.818116223240644,300.8429526415054,165.9303393849789,202.98746077392914,2.8601922156796515
14933,11.85,41.88567,-87.632263,3750.45,130.47,3880.9199999999996,6032.8,621.68,280.1912039887639,274.8553653382189,73.32080712760836,99864.40450362269,110.17734229483818,55.02568219734733,300.91301086863234,165.20302448948232,201.76708826294688,2.828245544605899
15966,84.38,41.88567,-87.632263,142073.38,114768.62,256842.0,565480.81,251.24,280.1912039887639,274.8553653382189,73.32080712760836,99864.40450362269,110.17734229483818,55.02568219734733,300.91301086863234,165.20302448948232,201.76708826294688,2.828245544605899
14938,11.99,41.885662,-87.634552,338.17,40.36,378.53000000000003,182.54,1852.61,280.18604332381506,274.84764665029155,73.3080166077132,99862.77761600509,109.98557301224956,55.145885261721794,300.9912721600065,165.13145826260882,200.9801688198447,2.8158301265100945
15461,80.12,41.885662,-87.634552,17273.76,12604.94,29878.699999999997,58732.09,294.11,280.18604332381506,274.84764665029155,73.3080166077132,99862.77761600509,109.98557301224956,55.145885261721794,300.9912721600065,165.13145826260882,200.9801688198447,2.8158301265100945
15460,84.35,41.885662,-87.633423,28981.86,22822.57,51804.43,106185.22,272.94,280.1876493949478,274.8506724071555,73.31511508203079,99863.59570164184,110.13269163293086,55.01310983247439,300.9391624542956,165.14580146608074,201.37277864872863,2.821851680113208
15641,130.33,41.885643,-87.636841,33676.9,26131.05,59807.95,124719.1,270.02,280.18638153273633,274.8439745623466,73.28796511928697,99861.09346784513,109.8961872298303,55.29803761911805,301.049708805863,165.19422485684743,200.4394874463969,2.8053447321956546
15719,110.09,41.885719,-87.624298,58556.92,43026.01,101582.93,226660.3,258.35,280.2670297433045,274.9125516709048,73.22760941260468,99870.25100815929,111.34973936474628,54.7465948515671,300.8174614123086,166.096334176903,204.1416755501396,2.8884332924305145
15879,69.38,41.886532,-87.630005,11627.46,8349.24,19976.699999999997,35872.55,324.13,280.2058718640281,274.86963334193644,73.3188072854186,99865.69872671516,110.55311492738889,54.97223781823944,300.9049558261384,165.52535277988483,202.17660865388214,2.847363245585872
15886,42.59,41.885708,-87.625427,16785.66,11007.17,27792.83,56926.14,294.87,280.25188166325955,274.90177903244046,73.24948672814054,99869.37986853966,111.26083912769285,54.765497808524074,300.82193684738525,166.02633692079903,203.67360955972768,2.8784305086170523
15897,55.85,41.886547,-87.626587,14826.71,10201.42,25028.129999999997,49102.53,301.95,280.238382970263,274.8935344430176,73.27575750827901,99868.40956389699,111.18090780421561,54.758120461645724,300.82577199155185,165.93902826024328,203.30859936740737,2.872976373405424
15943,95.41,41.886543,-87.627747,39241.71,29564.2,68805.91,148130.04,264.91,280.2256474514656,274.88441506627566,73.29383823515253,99867.50294362883,111.00641848796155,54.85357719295436,300.8457090163048,165.8599956812536,203.14723474119305,2.86422310522092
15948,80.88,41.886517,-87.632294,30458.29,21774.13,52232.42,112614.98,270.46,280.1933879944244,274.85732483484026,73.31968433513562,99863.951990451,110.14597308258,55.06555686584442,300.92073793532984,165.21152993930045,201.6165405112359,2.8324251844217274
15970,89.34,41.885651,-87.635712,26689.85,19986.93,46676.78,96143.97,277.6,280.18573864919375,274.84564642764184,73.29953846861544,99861.94175011011,109.90581799923966,55.23902467229867,301.0185390089132,165.14484269954394,200.7331560434655,2.8101491075441416
15979,89.27,41.886509,-87.633423,33305.28,24167.95,57473.229999999996,124059.49,268.46,280.18988208895814,274.85301920997694,73.31568591137955,99863.0512643758,110.01475813470456,55.209772305187094,300.96279427261953,165.22453043490762,201.1750997061757,2.8259130448171
15983,68.83,41.886509,-87.634583,16350.14,11478.14,27828.28,55117.65,296.64,280.1885143516093,274.8504595901411,73.3097264610543,99862.13430708136,109.93306715852836,55.32625827996966,300.99455872522634,165.25932547203678,200.8203551608515,2.819929732364618
16395,58.1,41.886547,-87.625458,5245.72,3529.54,8775.26,10020.1,523.52,280.25288836850547,274.90378328174387,73.25447426603023,99869.35800580998,111.26709513081859,54.741851033919055,300.80356369020853,166.00894614505376,203.5393407908677,2.8825153535524177
16941,20.63,41.886547,-87.625458,7798.86,1323.13,9121.99,21757.03,358.45,280.25288836850547,274.90378328174387,73.25447426603023,99869.35800580998,111.26709513081859,54.741851033919055,300.80356369020853,166.00894614505376,203.5393407908677,2.8825153535524177
16953,44.16,41.886547,-87.625458,14685.02,10194.15,24879.17,48278.8,304.17,280.25288836850547,274.90378328174387,73.25447426603023,99869.35800580998,111.26709513081859,54.741851033919055,300.80356369020853,166.00894614505376,203.5393407908677,2.8825153535524177
16526,77.78,41.88657,-87.624298,8547.09,6579.77,15126.86,23135.86,369.43,280.2682293848103,274.9145551777056,73.23162878807972,99870.24567299687,111.26625562959343,54.782527085579176,300.80059316617366,166.04878271301868,204.13501390495898,2.8927322099771917
17163,68.68,41.887413,-87.624329,5645.33,3926.49,9571.82,11660.55,484.14,280.2697596250743,274.9169065110249,73.23573464686976,99870.29080030188,111.39911850574465,54.59286227101469,300.77663913842207,165.99198076742408,204.05538014180104,2.8970847448677906
